date,location,city,market_type,threshold,direction,outcome,market_price,kalshi_id
2024-09-29,NY,NY,temperature,72,above,0,0.00,HIGHNY-24SEP29-T71
2024-09-29,NY,NY,temperature,63,below,1,0.98,HIGHNY-24SEP29-T64
2024-09-29,AUS,AUS,temperature,98,above,0,0.03,HIGHAUS-24SEP29-T97
2024-09-29,AUS,AUS,temperature,89,below,0,0.00,HIGHAUS-24SEP29-T90
2024-09-29,MIA,MIA,temperature,95,above,0,0.01,HIGHMIA-24SEP29-T94
2024-09-29,MIA,MIA,temperature,86,below,0,0.00,HIGHMIA-24SEP29-T87
2024-09-29,CHI,CHI,temperature,77,above,0,0.03,HIGHCHI-24SEP29-T76
2024-09-29,CHI,CHI,temperature,68,below,0,0.00,HIGHCHI-24SEP29-T69
2024-09-28,CHI,CHI,temperature,75,above,0,0.06,HIGHCHI-24SEP28-T74
2024-09-28,CHI,CHI,temperature,66,below,0,0.00,HIGHCHI-24SEP28-T67
2024-09-28,NY,NY,temperature,76,above,0,0.00,HIGHNY-24SEP28-T75
2024-09-28,NY,NY,temperature,67,below,0,0.01,HIGHNY-24SEP28-T68
2024-09-28,MIA,MIA,temperature,95,above,0,0.01,HIGHMIA-24SEP28-T94
2024-09-28,MIA,MIA,temperature,86,below,0,0.00,HIGHMIA-24SEP28-T87
2024-09-28,AUS,AUS,temperature,99,above,0,0.00,HIGHAUS-24SEP28-T98
2024-09-28,AUS,AUS,temperature,90,below,0,0.00,HIGHAUS-24SEP28-T91
2024-09-27,MIA,MIA,temperature,94,above,0,0.00,HIGHMIA-24SEP27-T93
2024-09-27,MIA,MIA,temperature,85,below,0,0.00,HIGHMIA-24SEP27-T86
2024-09-27,AUS,AUS,temperature,96,above,0,0.01,HIGHAUS-24SEP27-T95
2024-09-27,AUS,AUS,temperature,87,below,0,0.00,HIGHAUS-24SEP27-T88
2024-09-27,NY,NY,temperature,78,above,0,0.01,HIGHNY-24SEP27-T77
2024-09-27,NY,NY,temperature,69,below,0,0.00,HIGHNY-24SEP27-T70
2024-09-27,CHI,CHI,temperature,79,above,0,0.03,HIGHCHI-24SEP27-T78
2024-09-27,CHI,CHI,temperature,70,below,0,0.01,HIGHCHI-24SEP27-T71
2024-09-26,MIA,MIA,temperature,92,above,0,0.04,HIGHMIA-24SEP26-T91
2024-09-26,MIA,MIA,temperature,83,below,0,0.00,HIGHMIA-24SEP26-T84
2024-09-26,CHI,CHI,temperature,79,above,0,0.01,HIGHCHI-24SEP26-T78
2024-09-26,CHI,CHI,temperature,70,below,0,0.00,HIGHCHI-24SEP26-T71
2024-09-26,NY,NY,temperature,80,above,0,0.01,HIGHNY-24SEP26-T79
2024-09-26,NY,NY,temperature,71,below,0,0.02,HIGHNY-24SEP26-T72
2024-09-26,AUS,AUS,temperature,92,above,0,0.01,HIGHAUS-24SEP26-T91
2024-09-26,AUS,AUS,temperature,83,below,0,0.00,HIGHAUS-24SEP26-T84
2024-09-25,MIA,MIA,temperature,93,above,0,0.01,HIGHMIA-24SEP25-T92
2024-09-25,MIA,MIA,temperature,84,below,0,0.01,HIGHMIA-24SEP25-T85
2024-09-25,NY,NY,temperature,72,above,0,0.01,HIGHNY-24SEP25-T71
2024-09-25,NY,NY,temperature,63,below,0,0.01,HIGHNY-24SEP25-T64
2024-09-25,AUS,AUS,temperature,94,above,1,0.99,HIGHAUS-24SEP25-T93
2024-09-25,AUS,AUS,temperature,85,below,0,0.01,HIGHAUS-24SEP25-T86
2024-09-25,CHI,CHI,temperature,77,above,1,0.99,HIGHCHI-24SEP25-T76
2024-09-25,CHI,CHI,temperature,68,below,0,0.03,HIGHCHI-24SEP25-T69
2024-09-24,MIA,MIA,temperature,93,above,0,0.01,HIGHMIA-24SEP24-T92
2024-09-24,MIA,MIA,temperature,84,below,0,0.01,HIGHMIA-24SEP24-T85
2024-09-24,CHI,CHI,temperature,74,above,0,0.01,HIGHCHI-24SEP24-T73
2024-09-24,CHI,CHI,temperature,65,below,0,0.01,HIGHCHI-24SEP24-T66
2024-09-24,NY,NY,temperature,74,above,0,0.01,HIGHNY-24SEP24-T73
2024-09-24,NY,NY,temperature,65,below,0,0.01,HIGHNY-24SEP24-T66
2024-09-24,AUS,AUS,temperature,97,above,0,0.01,HIGHAUS-24SEP24-T96
2024-09-24,AUS,AUS,temperature,88,below,0,0.01,HIGHAUS-24SEP24-T89
2024-09-23,NY,NY,temperature,73,above,0,0.01,HIGHNY-24SEP23-T72
2024-09-23,NY,NY,temperature,64,below,0,0.01,HIGHNY-24SEP23-T65
2024-09-23,AUS,AUS,temperature,97,above,0,0.01,HIGHAUS-24SEP23-T96
2024-09-23,AUS,AUS,temperature,88,below,0,0.01,HIGHAUS-24SEP23-T89
2024-09-23,CHI,CHI,temperature,73,above,0,0.01,HIGHCHI-24SEP23-T72
2024-09-23,CHI,CHI,temperature,64,below,0,0.01,HIGHCHI-24SEP23-T65
2024-09-23,MIA,MIA,temperature,94,above,0,0.01,HIGHMIA-24SEP23-T93
2024-09-23,MIA,MIA,temperature,85,below,0,0.01,HIGHMIA-24SEP23-T86
2024-09-22,CHI,CHI,temperature,77,above,1,0.99,HIGHCHI-24SEP22-T76
2024-09-22,CHI,CHI,temperature,68,below,0,0.01,HIGHCHI-24SEP22-T69
2024-09-22,MIA,MIA,temperature,93,above,0,0.03,HIGHMIA-24SEP22-T92
2024-09-22,MIA,MIA,temperature,84,below,0,0.01,HIGHMIA-24SEP22-T85
2024-09-22,AUS,AUS,temperature,99,above,0,0.01,HIGHAUS-24SEP22-T98
2024-09-22,AUS,AUS,temperature,90,below,0,0.01,HIGHAUS-24SEP22-T91
2024-09-22,NY,NY,temperature,77,above,0,0.15,HIGHNY-24SEP22-T76
2024-09-22,NY,NY,temperature,68,below,0,0.01,HIGHNY-24SEP22-T69
2024-09-21,MIA,MIA,temperature,93,above,0,0.01,HIGHMIA-24SEP21-T92
2024-09-21,MIA,MIA,temperature,84,below,0,0.01,HIGHMIA-24SEP21-T85
2024-09-21,AUS,AUS,temperature,100,above,0,0.01,HIGHAUS-24SEP21-T99
2024-09-21,AUS,AUS,temperature,91,below,0,0.01,HIGHAUS-24SEP21-T92
2024-09-21,CHI,CHI,temperature,93,above,1,0.97,HIGHCHI-24SEP21-T92
2024-09-21,CHI,CHI,temperature,84,below,0,0.01,HIGHCHI-24SEP21-T85
2024-09-21,NY,NY,temperature,80,above,0,0.01,HIGHNY-24SEP21-T79
2024-09-21,NY,NY,temperature,71,below,0,0.01,HIGHNY-24SEP21-T72
2024-09-20,AUS,AUS,temperature,93,below,0,0.01,HIGHAUS-24SEP20-T94
2024-09-20,AUS,AUS,temperature,102,above,0,0.01,HIGHAUS-24SEP20-T101
2024-09-20,NY,NY,temperature,80,above,1,0.99,HIGHNY-24SEP20-T79
2024-09-20,NY,NY,temperature,71,below,0,0.01,HIGHNY-24SEP20-T72
2024-09-20,MIA,MIA,temperature,92,above,1,0.99,HIGHMIA-24SEP20-T91
2024-09-20,MIA,MIA,temperature,83,below,0,0.05,HIGHMIA-24SEP20-T84
2024-09-20,CHI,CHI,temperature,88,above,1,0.99,HIGHCHI-24SEP20-T87
2024-09-20,CHI,CHI,temperature,79,below,0,0.01,HIGHCHI-24SEP20-T80
2024-09-19,CHI,CHI,temperature,92,above,0,0.01,HIGHCHI-24SEP19-T91
2024-09-19,CHI,CHI,temperature,83,below,0,0.08,HIGHCHI-24SEP19-T84
2024-09-19,NY,NY,temperature,80,above,1,0.99,HIGHNY-24SEP19-T79
2024-09-19,NY,NY,temperature,71,below,0,0.01,HIGHNY-24SEP19-T72
2024-09-19,AUS,AUS,temperature,93,below,0,0.01,HIGHAUS-24SEP19-T94
2024-09-19,AUS,AUS,temperature,102,above,0,0.01,HIGHAUS-24SEP19-T101
2024-09-19,MIA,MIA,temperature,94,above,0,0.01,HIGHMIA-24SEP19-T93
2024-09-19,MIA,MIA,temperature,85,below,0,0.01,HIGHMIA-24SEP19-T86
2024-09-18,CHI,CHI,temperature,87,above,1,0.99,HIGHCHI-24SEP18-T86
2024-09-18,CHI,CHI,temperature,78,below,0,0.01,HIGHCHI-24SEP18-T79
2024-09-18,NY,NY,temperature,78,above,0,0.01,HIGHNY-24SEP18-T77
2024-09-18,NY,NY,temperature,69,below,0,0.01,HIGHNY-24SEP18-T70
2024-09-18,MIA,MIA,temperature,93,above,1,0.99,HIGHMIA-24SEP18-T92
2024-09-18,MIA,MIA,temperature,84,below,0,0.01,HIGHMIA-24SEP18-T85
2024-09-18,AUS,AUS,temperature,93,below,0,0.01,HIGHAUS-24SEP18-T94
2024-09-18,AUS,AUS,temperature,102,above,0,0.01,HIGHAUS-24SEP18-T101
2024-09-17,MIA,MIA,temperature,94,above,0,0.11,HIGHMIA-24SEP17-T93
2024-09-17,MIA,MIA,temperature,85,below,0,0.01,HIGHMIA-24SEP17-T86
2024-09-17,AUS,AUS,temperature,92,below,0,0.01,HIGHAUS-24SEP17-T93
2024-09-17,AUS,AUS,temperature,101,above,0,0.01,HIGHAUS-24SEP17-T100
2024-09-17,NY,NY,temperature,82,above,0,0.01,HIGHNY-24SEP17-T81
2024-09-17,NY,NY,temperature,73,below,0,0.01,HIGHNY-24SEP17-T74
2024-09-17,CHI,CHI,temperature,89,above,0,0.01,HIGHCHI-24SEP17-T88
2024-09-17,CHI,CHI,temperature,80,below,0,0.01,HIGHCHI-24SEP17-T81
2024-09-16,MIA,MIA,temperature,94,above,1,0.99,HIGHMIA-24SEP16-T93
2024-09-16,MIA,MIA,temperature,85,below,0,0.01,HIGHMIA-24SEP16-T86
2024-09-16,NY,NY,temperature,81,above,0,0.01,HIGHNY-24SEP16-T80
2024-09-16,NY,NY,temperature,72,below,0,0.01,HIGHNY-24SEP16-T73
2024-09-16,AUS,AUS,temperature,92,below,0,0.01,HIGHAUS-24SEP16-T93
2024-09-16,AUS,AUS,temperature,101,above,0,0.01,HIGHAUS-24SEP16-T100
2024-09-16,CHI,CHI,temperature,92,above,0,0.06,HIGHCHI-24SEP16-T91
2024-09-16,CHI,CHI,temperature,83,below,0,0.01,HIGHCHI-24SEP16-T84
2024-09-14,AUS,AUS,temperature,94,below,0,0.01,HIGHAUS-24SEP14-T95
2024-09-14,AUS,AUS,temperature,103,above,0,0.01,HIGHAUS-24SEP14-T102
2024-09-14,CHI,CHI,temperature,91,above,0,0.01,HIGHCHI-24SEP14-T90
2024-09-14,CHI,CHI,temperature,82,below,0,0.01,HIGHCHI-24SEP14-T83
2024-09-14,NY,NY,temperature,86,above,0,0.07,HIGHNY-24SEP14-T85
2024-09-14,NY,NY,temperature,77,below,0,0.01,HIGHNY-24SEP14-T78
2024-09-14,MIA,MIA,temperature,95,above,0,0.01,HIGHMIA-24SEP14-T94
2024-09-14,MIA,MIA,temperature,86,below,0,0.01,HIGHMIA-24SEP14-T87
2024-09-15,AUS,AUS,temperature,95,below,0,0.01,HIGHAUS-24SEP15-T96
2024-09-15,AUS,AUS,temperature,104,above,0,0.01,HIGHAUS-24SEP15-T103
2024-09-15,MIA,MIA,temperature,94,above,0,0.01,HIGHMIA-24SEP15-T93
2024-09-15,MIA,MIA,temperature,85,below,0,0.01,HIGHMIA-24SEP15-T86
2024-09-15,CHI,CHI,temperature,93,above,0,0.01,HIGHCHI-24SEP15-T92
2024-09-15,CHI,CHI,temperature,84,below,0,0.01,HIGHCHI-24SEP15-T85
2024-09-15,NY,NY,temperature,83,above,0,0.01,HIGHNY-24SEP15-T82
2024-09-15,NY,NY,temperature,74,below,0,0.01,HIGHNY-24SEP15-T75
2024-09-13,MIA,MIA,temperature,95,above,1,0.99,HIGHMIA-24SEP13-T94
2024-09-13,MIA,MIA,temperature,86,below,0,0.01,HIGHMIA-24SEP13-T87
2024-09-13,CHI,CHI,temperature,86,above,0,0.01,HIGHCHI-24SEP13-T85
2024-09-13,CHI,CHI,temperature,77,below,0,0.01,HIGHCHI-24SEP13-T78
2024-09-13,NY,NY,temperature,86,above,0,0.01,HIGHNY-24SEP13-T85
2024-09-13,NY,NY,temperature,77,below,0,0.01,HIGHNY-24SEP13-T78
2024-09-13,AUS,AUS,temperature,92,below,0,0.01,HIGHAUS-24SEP13-T93
2024-09-13,AUS,AUS,temperature,101,above,0,0.01,HIGHAUS-24SEP13-T100
2024-09-12,CHI,CHI,temperature,91,above,0,0.01,HIGHCHI-24SEP12-T90
2024-09-12,CHI,CHI,temperature,82,below,0,0.01,HIGHCHI-24SEP12-T83
2024-09-12,MIA,MIA,temperature,94,above,0,0.03,HIGHMIA-24SEP12-T93
2024-09-12,MIA,MIA,temperature,85,below,0,0.01,HIGHMIA-24SEP12-T86
2024-09-12,AUS,AUS,temperature,96,above,1,0.99,HIGHAUS-24SEP12-T95
2024-09-12,AUS,AUS,temperature,87,below,0,0.01,HIGHAUS-24SEP12-T88
2024-09-12,NY,NY,temperature,84,above,0,0.01,HIGHNY-24SEP12-T83
2024-09-12,NY,NY,temperature,75,below,0,0.01,HIGHNY-24SEP12-T76
2024-09-11,NY,NY,temperature,81,above,0,0.08,HIGHNY-24SEP11-T80
2024-09-11,NY,NY,temperature,72,below,0,0.01,HIGHNY-24SEP11-T73
2024-09-11,AUS,AUS,temperature,92,above,1,0.99,HIGHAUS-24SEP11-T91
2024-09-11,AUS,AUS,temperature,83,below,0,0.01,HIGHAUS-24SEP11-T84
2024-09-11,MIA,MIA,temperature,93,above,0,0.01,HIGHMIA-24SEP11-T92
2024-09-11,MIA,MIA,temperature,84,below,0,0.01,HIGHMIA-24SEP11-T85
2024-09-11,CHI,CHI,temperature,92,above,0,0.01,HIGHCHI-24SEP11-T91
2024-09-11,CHI,CHI,temperature,83,below,0,0.01,HIGHCHI-24SEP11-T84
2024-09-10,MIA,MIA,temperature,94,above,0,0.01,HIGHMIA-24SEP10-T93
2024-09-10,MIA,MIA,temperature,85,below,0,0.01,HIGHMIA-24SEP10-T86
2024-09-10,CHI,CHI,temperature,89,above,0,0.01,HIGHCHI-24SEP10-T88
2024-09-10,CHI,CHI,temperature,80,below,0,0.02,HIGHCHI-24SEP10-T81
2024-09-10,AUS,AUS,temperature,96,above,0,0.03,HIGHAUS-24SEP10-T95
2024-09-10,AUS,AUS,temperature,87,below,0,0.02,HIGHAUS-24SEP10-T88
2024-09-10,NY,NY,temperature,83,above,0,0.01,HIGHNY-24SEP10-T82
2024-09-10,NY,NY,temperature,74,below,0,0.01,HIGHNY-24SEP10-T75
2024-09-09,MIA,MIA,temperature,94,above,0,0.01,HIGHMIA-24SEP09-T93
2024-09-09,MIA,MIA,temperature,85,below,0,0.01,HIGHMIA-24SEP09-T86
2024-09-09,NY,NY,temperature,80,above,0,0.01,HIGHNY-24SEP09-T79
2024-09-09,NY,NY,temperature,71,below,0,0.01,HIGHNY-24SEP09-T72
2024-09-09,CHI,CHI,temperature,86,above,0,0.01,HIGHCHI-24SEP09-T85
2024-09-09,CHI,CHI,temperature,77,below,0,0.01,HIGHCHI-24SEP09-T78
2024-09-09,AUS,AUS,temperature,91,above,0,0.01,HIGHAUS-24SEP09-T90
2024-09-09,AUS,AUS,temperature,82,below,0,0.01,HIGHAUS-24SEP09-T83
2024-09-08,AUS,AUS,temperature,90,above,0,0.03,HIGHAUS-24SEP08-T89
2024-09-08,AUS,AUS,temperature,81,below,0,0.01,HIGHAUS-24SEP08-T82
2024-09-08,CHI,CHI,temperature,77,above,0,0.01,HIGHCHI-24SEP08-T76
2024-09-08,CHI,CHI,temperature,68,below,0,0.01,HIGHCHI-24SEP08-T69
2024-09-08,NY,NY,temperature,75,above,0,0.01,HIGHNY-24SEP08-T74
2024-09-08,NY,NY,temperature,66,below,0,0.01,HIGHNY-24SEP08-T67
2024-09-08,MIA,MIA,temperature,94,above,0,0.02,HIGHMIA-24SEP08-T93
2024-09-08,MIA,MIA,temperature,85,below,0,0.01,HIGHMIA-24SEP08-T86
2024-09-07,AUS,AUS,temperature,92,above,1,0.99,HIGHAUS-24SEP07-T91
2024-09-07,AUS,AUS,temperature,83,below,0,0.01,HIGHAUS-24SEP07-T84
2024-09-07,CHI,CHI,temperature,69,above,0,0.01,HIGHCHI-24SEP07-T68
2024-09-07,CHI,CHI,temperature,60,below,0,0.01,HIGHCHI-24SEP07-T61
2024-09-07,NY,NY,temperature,78,above,0,0.01,HIGHNY-24SEP07-T77
2024-09-07,NY,NY,temperature,69,below,0,0.01,HIGHNY-24SEP07-T70
2024-09-07,MIA,MIA,temperature,94,above,0,0.01,HIGHMIA-24SEP07-T93
2024-09-07,MIA,MIA,temperature,85,below,0,0.01,HIGHMIA-24SEP07-T86
2024-09-06,CHI,CHI,temperature,74,above,0,0.04,HIGHCHI-24SEP06-T73
2024-09-06,CHI,CHI,temperature,65,below,0,0.01,HIGHCHI-24SEP06-T66
2024-09-06,NY,NY,temperature,82,above,0,0.01,HIGHNY-24SEP06-T81
2024-09-06,NY,NY,temperature,73,below,0,0.01,HIGHNY-24SEP06-T74
2024-09-06,MIA,MIA,temperature,93,above,0,0.02,HIGHMIA-24SEP06-T92
2024-09-06,MIA,MIA,temperature,84,below,0,0.01,HIGHMIA-24SEP06-T85
2024-09-06,AUS,AUS,temperature,95,above,0,0.25,HIGHAUS-24SEP06-T94
2024-09-06,AUS,AUS,temperature,86,below,0,0.01,HIGHAUS-24SEP06-T87
2024-09-05,AUS,AUS,temperature,94,above,0,0.01,HIGHAUS-24SEP05-T93
2024-09-05,AUS,AUS,temperature,85,below,0,0.01,HIGHAUS-24SEP05-T86
2024-09-05,CHI,CHI,temperature,92,above,0,0.01,HIGHCHI-24SEP05-T91
2024-09-05,CHI,CHI,temperature,83,below,0,0.01,HIGHCHI-24SEP05-T84
2024-09-05,NY,NY,temperature,80,above,0,0.10,HIGHNY-24SEP05-T79
2024-09-05,NY,NY,temperature,71,below,0,0.01,HIGHNY-24SEP05-T72
2024-09-05,MIA,MIA,temperature,94,above,0,0.01,HIGHMIA-24SEP05-T93
2024-09-05,MIA,MIA,temperature,85,below,0,0.01,HIGHMIA-24SEP05-T86
2024-09-04,NY,NY,temperature,81,above,0,0.01,HIGHNY-24SEP04-T80
2024-09-04,NY,NY,temperature,72,below,0,0.01,HIGHNY-24SEP04-T73
2024-09-04,AUS,AUS,temperature,95,above,0,0.01,HIGHAUS-24SEP04-T94
2024-09-04,AUS,AUS,temperature,86,below,0,0.01,HIGHAUS-24SEP04-T87
2024-09-04,CHI,CHI,temperature,86,above,0,0.01,HIGHCHI-24SEP04-T85
2024-09-04,CHI,CHI,temperature,77,below,0,0.01,HIGHCHI-24SEP04-T78
2024-09-04,MIA,MIA,temperature,94,above,0,0.03,HIGHMIA-24SEP04-T93
2024-09-04,MIA,MIA,temperature,85,below,0,0.01,HIGHMIA-24SEP04-T86
2024-09-03,NY,NY,temperature,78,above,0,0.03,HIGHNY-24SEP03-T77
2024-09-03,NY,NY,temperature,69,below,0,0.01,HIGHNY-24SEP03-T70
2024-09-03,CHI,CHI,temperature,80,above,0,0.01,HIGHCHI-24SEP03-T79
2024-09-03,CHI,CHI,temperature,71,below,0,0.01,HIGHCHI-24SEP03-T72
2024-09-03,MIA,MIA,temperature,93,above,0,0.01,HIGHMIA-24SEP03-T92
2024-09-03,MIA,MIA,temperature,84,below,0,0.01,HIGHMIA-24SEP03-T85
2024-09-03,AUS,AUS,temperature,91,above,0,0.01,HIGHAUS-24SEP03-T90
2024-09-03,AUS,AUS,temperature,82,below,0,0.01,HIGHAUS-24SEP03-T83
2024-09-02,CHI,CHI,temperature,78,above,0,0.01,HIGHCHI-24SEP02-T77
2024-09-02,CHI,CHI,temperature,69,below,0,0.01,HIGHCHI-24SEP02-T70
2024-09-02,NY,NY,temperature,82,above,0,0.03,HIGHNY-24SEP02-T81
2024-09-02,NY,NY,temperature,73,below,0,0.01,HIGHNY-24SEP02-T74
2024-09-02,AUS,AUS,temperature,92,above,1,0.99,HIGHAUS-24SEP02-T91
2024-09-02,AUS,AUS,temperature,83,below,0,0.01,HIGHAUS-24SEP02-T84
2024-09-02,MIA,MIA,temperature,92,above,0,0.01,HIGHMIA-24SEP02-T91
2024-09-02,MIA,MIA,temperature,83,below,0,0.01,HIGHMIA-24SEP02-T84
2024-09-01,NY,NY,temperature,86,above,0,0.01,HIGHNY-24SEP01-T85
2024-09-01,NY,NY,temperature,77,below,0,0.01,HIGHNY-24SEP01-T78
2024-09-01,CHI,CHI,temperature,79,above,0,0.01,HIGHCHI-24SEP01-T78
2024-09-01,CHI,CHI,temperature,70,below,0,0.01,HIGHCHI-24SEP01-T71
2024-09-01,AUS,AUS,temperature,96,above,0,0.01,HIGHAUS-24SEP01-T95
2024-09-01,AUS,AUS,temperature,87,below,0,0.01,HIGHAUS-24SEP01-T88
2024-09-01,MIA,MIA,temperature,91,above,0,0.01,HIGHMIA-24SEP01-T90
2024-09-01,MIA,MIA,temperature,82,below,0,0.01,HIGHMIA-24SEP01-T83
2024-08-31,MIA,MIA,temperature,92,above,0,0.03,HIGHMIA-24AUG31-T91
2024-08-31,MIA,MIA,temperature,83,below,0,0.01,HIGHMIA-24AUG31-T84
2024-08-31,AUS,AUS,temperature,95,above,0,0.01,HIGHAUS-24AUG31-T94
2024-08-31,AUS,AUS,temperature,86,below,0,0.01,HIGHAUS-24AUG31-T87
2024-08-31,CHI,CHI,temperature,87,above,0,0.01,HIGHCHI-24AUG31-T86
2024-08-31,CHI,CHI,temperature,78,below,0,0.01,HIGHCHI-24AUG31-T79
2024-08-31,NY,NY,temperature,84,above,0,0.01,HIGHNY-24AUG31-T83
2024-08-31,NY,NY,temperature,75,below,0,0.05,HIGHNY-24AUG31-T76
2024-08-30,MIA,MIA,temperature,93,above,0,0.01,HIGHMIA-24AUG30-T92
2024-08-30,MIA,MIA,temperature,84,below,0,0.05,HIGHMIA-24AUG30-T85
2024-08-30,NY,NY,temperature,79,above,0,0.01,HIGHNY-24AUG30-T78
2024-08-30,NY,NY,temperature,70,below,0,0.01,HIGHNY-24AUG30-T71
2024-08-30,CHI,CHI,temperature,92,above,0,0.01,HIGHCHI-24AUG30-T91
2024-08-30,CHI,CHI,temperature,83,below,0,0.01,HIGHCHI-24AUG30-T84
2024-08-30,AUS,AUS,temperature,95,above,0,0.01,HIGHAUS-24AUG30-T94
2024-08-30,AUS,AUS,temperature,86,below,0,0.01,HIGHAUS-24AUG30-T87
2024-08-29,CHI,CHI,temperature,89,above,0,0.04,HIGHCHI-24AUG29-T88
2024-08-29,CHI,CHI,temperature,80,below,0,0.01,HIGHCHI-24AUG29-T81
2024-08-29,AUS,AUS,temperature,97,above,0,0.01,HIGHAUS-24AUG29-T96
2024-08-29,AUS,AUS,temperature,88,below,0,0.01,HIGHAUS-24AUG29-T89
2024-08-29,MIA,MIA,temperature,93,above,0,0.01,HIGHMIA-24AUG29-T92
2024-08-29,MIA,MIA,temperature,84,below,0,0.01,HIGHMIA-24AUG29-T85
2024-08-29,NY,NY,temperature,81,above,1,0.99,HIGHNY-24AUG29-T80
2024-08-29,NY,NY,temperature,72,below,0,0.01,HIGHNY-24AUG29-T73
2024-08-28,CHI,CHI,temperature,88,above,0,0.01,HIGHCHI-24AUG28-T87
2024-08-28,CHI,CHI,temperature,79,below,0,0.01,HIGHCHI-24AUG28-T80
2024-08-28,MIA,MIA,temperature,93,above,0,0.01,HIGHMIA-24AUG28-T92
2024-08-28,MIA,MIA,temperature,84,below,0,0.05,HIGHMIA-24AUG28-T85
2024-08-28,NY,NY,temperature,99,above,0,0.01,HIGHNY-24AUG28-T98
2024-08-28,NY,NY,temperature,90,below,0,0.01,HIGHNY-24AUG28-T91
2024-08-28,AUS,AUS,temperature,99,above,0,0.01,HIGHAUS-24AUG28-T98
2024-08-28,AUS,AUS,temperature,90,below,0,0.01,HIGHAUS-24AUG28-T91
2024-08-27,MIA,MIA,temperature,94,above,0,0.01,HIGHMIA-24AUG27-T93
2024-08-27,MIA,MIA,temperature,85,below,0,0.01,HIGHMIA-24AUG27-T86
2024-08-27,AUS,AUS,temperature,97,above,0,0.08,HIGHAUS-24AUG27-T96
2024-08-27,AUS,AUS,temperature,88,below,0,0.01,HIGHAUS-24AUG27-T89
2024-08-27,NY,NY,temperature,89,above,0,0.03,HIGHNY-24AUG27-T88
2024-08-27,NY,NY,temperature,80,below,0,0.01,HIGHNY-24AUG27-T81
2024-08-27,CHI,CHI,temperature,93,below,0,0.01,HIGHCHI-24AUG27-T94
2024-08-27,CHI,CHI,temperature,102,above,0,0.01,HIGHCHI-24AUG27-T101
2024-08-26,CHI,CHI,temperature,100,above,0,0.01,HIGHCHI-24AUG26-T99
2024-08-26,CHI,CHI,temperature,91,below,0,0.01,HIGHCHI-24AUG26-T92
2024-08-26,AUS,AUS,temperature,97,above,0,0.01,HIGHAUS-24AUG26-T96
2024-08-26,AUS,AUS,temperature,88,below,0,0.01,HIGHAUS-24AUG26-T89
2024-08-26,MIA,MIA,temperature,94,above,0,0.01,HIGHMIA-24AUG26-T93
2024-08-26,MIA,MIA,temperature,85,below,0,0.01,HIGHMIA-24AUG26-T86
2024-08-26,NY,NY,temperature,89,above,0,0.03,HIGHNY-24AUG26-T88
2024-08-26,NY,NY,temperature,80,below,0,0.01,HIGHNY-24AUG26-T81
2024-08-25,CHI,CHI,temperature,92,above,1,0.99,HIGHCHI-24AUG25-T91
2024-08-25,CHI,CHI,temperature,83,below,0,0.01,HIGHCHI-24AUG25-T84
2024-08-25,AUS,AUS,temperature,92,below,0,0.01,HIGHAUS-24AUG25-T93
2024-08-25,AUS,AUS,temperature,101,above,0,0.01,HIGHAUS-24AUG25-T100
2024-08-25,NY,NY,temperature,89,above,0,0.01,HIGHNY-24AUG25-T88
2024-08-25,NY,NY,temperature,80,below,0,0.01,HIGHNY-24AUG25-T81
2024-08-25,MIA,MIA,temperature,93,above,0,0.01,HIGHMIA-24AUG25-T92
2024-08-25,MIA,MIA,temperature,84,below,0,0.01,HIGHMIA-24AUG25-T85
2024-08-24,MIA,MIA,temperature,92,above,0,0.01,HIGHMIA-24AUG24-T91
2024-08-24,MIA,MIA,temperature,83,below,0,0.03,HIGHMIA-24AUG24-T84
2024-08-24,AUS,AUS,temperature,93,below,0,0.03,HIGHAUS-24AUG24-T94
2024-08-24,AUS,AUS,temperature,102,above,0,0.01,HIGHAUS-24AUG24-T101
2024-08-24,NY,NY,temperature,89,above,0,0.01,HIGHNY-24AUG24-T88
2024-08-24,NY,NY,temperature,80,below,0,0.01,HIGHNY-24AUG24-T81
2024-08-24,CHI,CHI,temperature,94,above,0,0.01,HIGHCHI-24AUG24-T93
2024-08-24,CHI,CHI,temperature,85,below,0,0.01,HIGHCHI-24AUG24-T86
2024-08-23,CHI,CHI,temperature,87,above,0,0.01,HIGHCHI-24AUG23-T86
2024-08-23,CHI,CHI,temperature,78,below,0,0.01,HIGHCHI-24AUG23-T79
2024-08-23,MIA,MIA,temperature,94,above,0,0.01,HIGHMIA-24AUG23-T93
2024-08-23,MIA,MIA,temperature,85,below,0,0.01,HIGHMIA-24AUG23-T86
2024-08-23,AUS,AUS,temperature,94,below,0,0.01,HIGHAUS-24AUG23-T95
2024-08-23,AUS,AUS,temperature,103,above,0,0.02,HIGHAUS-24AUG23-T102
2024-08-23,NY,NY,temperature,85,above,0,0.01,HIGHNY-24AUG23-T84
2024-08-23,NY,NY,temperature,76,below,0,0.01,HIGHNY-24AUG23-T77
2024-08-22,CHI,CHI,temperature,84,above,0,0.01,HIGHCHI-24AUG22-T83
2024-08-22,CHI,CHI,temperature,75,below,0,0.01,HIGHCHI-24AUG22-T76
2024-08-22,NY,NY,temperature,80,above,0,0.01,HIGHNY-24AUG22-T79
2024-08-22,NY,NY,temperature,71,below,0,0.01,HIGHNY-24AUG22-T72
2024-08-22,AUS,AUS,temperature,98,below,0,0.01,HIGHAUS-24AUG22-T99
2024-08-22,AUS,AUS,temperature,107,above,0,0.50,HIGHAUS-24AUG22-T106
2024-08-22,MIA,MIA,temperature,94,above,0,0.03,HIGHMIA-24AUG22-T93
2024-08-22,MIA,MIA,temperature,85,below,0,0.01,HIGHMIA-24AUG22-T86
2024-08-21,AUS,AUS,temperature,111,above,0,0.01,HIGHAUS-24AUG21-T110
2024-08-21,AUS,AUS,temperature,102,below,0,0.01,HIGHAUS-24AUG21-T103
2024-08-21,NY,NY,temperature,77,above,0,0.01,HIGHNY-24AUG21-T76
2024-08-21,NY,NY,temperature,68,below,0,0.01,HIGHNY-24AUG21-T69
2024-08-21,CHI,CHI,temperature,81,above,0,0.01,HIGHCHI-24AUG21-T80
2024-08-21,CHI,CHI,temperature,72,below,0,0.01,HIGHCHI-24AUG21-T73
2024-08-21,MIA,MIA,temperature,95,above,0,0.01,HIGHMIA-24AUG21-T94
2024-08-21,MIA,MIA,temperature,86,below,0,0.01,HIGHMIA-24AUG21-T87
2024-08-20,AUS,AUS,temperature,110,above,0,0.01,HIGHAUS-24AUG20-T109
2024-08-20,AUS,AUS,temperature,101,below,0,0.01,HIGHAUS-24AUG20-T102
2024-08-20,NY,NY,temperature,78,above,0,0.01,HIGHNY-24AUG20-T77
2024-08-20,NY,NY,temperature,69,below,0,0.01,HIGHNY-24AUG20-T70
2024-08-20,MIA,MIA,temperature,96,above,0,0.02,HIGHMIA-24AUG20-T95
2024-08-20,MIA,MIA,temperature,87,below,0,0.01,HIGHMIA-24AUG20-T88
2024-08-20,CHI,CHI,temperature,77,above,0,0.01,HIGHCHI-24AUG20-T76
2024-08-20,CHI,CHI,temperature,68,below,0,0.01,HIGHCHI-24AUG20-T69
2024-08-19,NY,NY,temperature,87,above,0,0.02,HIGHNY-24AUG19-T86
2024-08-19,NY,NY,temperature,78,below,0,0.01,HIGHNY-24AUG19-T79
2024-08-19,MIA,MIA,temperature,95,above,0,0.01,HIGHMIA-24AUG19-T94
2024-08-19,MIA,MIA,temperature,86,below,0,0.05,HIGHMIA-24AUG19-T87
2024-08-19,AUS,AUS,temperature,98,below,0,0.01,HIGHAUS-24AUG19-T99
2024-08-19,AUS,AUS,temperature,107,above,0,0.01,HIGHAUS-24AUG19-T106
2024-08-19,CHI,CHI,temperature,80,above,0,0.01,HIGHCHI-24AUG19-T79
2024-08-19,CHI,CHI,temperature,71,below,0,0.01,HIGHCHI-24AUG19-T72
2024-08-18,AUS,AUS,temperature,96,below,0,0.01,HIGHAUS-24AUG18-T97
2024-08-18,AUS,AUS,temperature,105,above,0,0.01,HIGHAUS-24AUG18-T104
2024-08-18,MIA,MIA,temperature,92,above,0,0.01,HIGHMIA-24AUG18-T91
2024-08-18,MIA,MIA,temperature,83,below,0,0.01,HIGHMIA-24AUG18-T84
2024-08-18,CHI,CHI,temperature,83,above,0,0.01,HIGHCHI-24AUG18-T82
2024-08-18,CHI,CHI,temperature,74,below,0,0.01,HIGHCHI-24AUG18-T75
2024-08-18,NY,NY,temperature,83,above,0,0.03,HIGHNY-24AUG18-T82
2024-08-18,NY,NY,temperature,74,below,0,0.01,HIGHNY-24AUG18-T75
2024-08-17,CHI,CHI,temperature,84,above,0,0.16,HIGHCHI-24AUG17-T83
2024-08-17,CHI,CHI,temperature,75,below,0,0.01,HIGHCHI-24AUG17-T76
2024-08-17,NY,NY,temperature,87,above,0,0.01,HIGHNY-24AUG17-T86
2024-08-17,NY,NY,temperature,78,below,0,0.01,HIGHNY-24AUG17-T79
2024-08-17,AUS,AUS,temperature,95,below,0,0.01,HIGHAUS-24AUG17-T96
2024-08-17,AUS,AUS,temperature,104,above,0,0.01,HIGHAUS-24AUG17-T103
2024-08-17,MIA,MIA,temperature,92,above,0,0.20,HIGHMIA-24AUG17-T91
2024-08-17,MIA,MIA,temperature,83,below,0,0.01,HIGHMIA-24AUG17-T84
2024-08-16,CHI,CHI,temperature,90,above,0,0.01,HIGHCHI-24AUG16-T89
2024-08-16,CHI,CHI,temperature,81,below,0,0.01,HIGHCHI-24AUG16-T82
2024-08-16,AUS,AUS,temperature,95,below,0,0.01,HIGHAUS-24AUG16-T96
2024-08-16,AUS,AUS,temperature,104,above,0,0.01,HIGHAUS-24AUG16-T103
2024-08-16,MIA,MIA,temperature,92,above,0,0.01,HIGHMIA-24AUG16-T91
2024-08-16,MIA,MIA,temperature,83,below,0,0.01,HIGHMIA-24AUG16-T84
2024-08-16,NY,NY,temperature,92,above,0,0.01,HIGHNY-24AUG16-T91
2024-08-16,NY,NY,temperature,83,below,0,0.01,HIGHNY-24AUG16-T84
2024-08-15,MIA,MIA,temperature,95,above,1,0.99,HIGHMIA-24AUG15-T94
2024-08-15,MIA,MIA,temperature,86,below,0,0.02,HIGHMIA-24AUG15-T87
2024-08-15,AUS,AUS,temperature,95,below,0,0.01,HIGHAUS-24AUG15-T96
2024-08-15,AUS,AUS,temperature,104,above,0,0.05,HIGHAUS-24AUG15-T103
2024-08-15,CHI,CHI,temperature,83,above,0,0.01,HIGHCHI-24AUG15-T82
2024-08-15,CHI,CHI,temperature,74,below,0,0.01,HIGHCHI-24AUG15-T75
2024-08-15,NY,NY,temperature,91,above,0,0.99,HIGHNY-24AUG15-T90
2024-08-15,NY,NY,temperature,82,below,0,0.01,HIGHNY-24AUG15-T83
2024-08-14,MIA,MIA,temperature,96,above,0,0.05,HIGHMIA-24AUG14-T95
2024-08-14,MIA,MIA,temperature,87,below,0,0.01,HIGHMIA-24AUG14-T88
2024-08-14,NY,NY,temperature,89,above,0,0.01,HIGHNY-24AUG14-T88
2024-08-14,NY,NY,temperature,80,below,0,0.01,HIGHNY-24AUG14-T81
2024-08-14,AUS,AUS,temperature,93,below,0,0.05,HIGHAUS-24AUG14-T94
2024-08-14,AUS,AUS,temperature,102,above,0,0.01,HIGHAUS-24AUG14-T101
2024-08-14,CHI,CHI,temperature,90,above,0,0.01,HIGHCHI-24AUG14-T89
2024-08-14,CHI,CHI,temperature,81,below,0,0.01,HIGHCHI-24AUG14-T82
2024-08-13,NY,NY,temperature,85,above,0,0.01,HIGHNY-24AUG13-T84
2024-08-13,NY,NY,temperature,76,below,0,0.01,HIGHNY-24AUG13-T77
2024-08-13,AUS,AUS,temperature,93,below,0,0.05,HIGHAUS-24AUG13-T94
2024-08-13,AUS,AUS,temperature,102,above,0,0.01,HIGHAUS-24AUG13-T101
2024-08-13,CHI,CHI,temperature,87,above,0,0.01,HIGHCHI-24AUG13-T86
2024-08-13,CHI,CHI,temperature,78,below,0,0.01,HIGHCHI-24AUG13-T79
2024-08-13,MIA,MIA,temperature,95,above,0,0.01,HIGHMIA-24AUG13-T94
2024-08-13,MIA,MIA,temperature,86,below,0,0.01,HIGHMIA-24AUG13-T87
2024-08-12,NY,NY,temperature,85,above,0,0.01,HIGHNY-24AUG12-T84
2024-08-12,NY,NY,temperature,76,below,0,0.01,HIGHNY-24AUG12-T77
2024-08-12,CHI,CHI,temperature,83,above,0,0.01,HIGHCHI-24AUG12-T82
2024-08-12,CHI,CHI,temperature,74,below,0,0.01,HIGHCHI-24AUG12-T75
2024-08-12,MIA,MIA,temperature,95,above,0,0.01,HIGHMIA-24AUG12-T94
2024-08-12,MIA,MIA,temperature,86,below,0,0.01,HIGHMIA-24AUG12-T87
2024-08-12,AUS,AUS,temperature,93,below,0,0.01,HIGHAUS-24AUG12-T94
2024-08-12,AUS,AUS,temperature,102,above,0,0.02,HIGHAUS-24AUG12-T101
2024-08-10,NY,NY,temperature,91,above,0,0.01,HIGHNY-24AUG10-T90
2024-08-10,NY,NY,temperature,82,below,0,0.01,HIGHNY-24AUG10-T83
2024-08-10,AUS,AUS,temperature,93,below,0,0.08,HIGHAUS-24AUG10-T94
2024-08-10,AUS,AUS,temperature,102,above,0,0.05,HIGHAUS-24AUG10-T101
2024-08-10,CHI,CHI,temperature,82,above,0,0.01,HIGHCHI-24AUG10-T81
2024-08-10,CHI,CHI,temperature,73,below,0,0.01,HIGHCHI-24AUG10-T74
2024-08-11,CHI,CHI,temperature,83,above,0,0.01,HIGHCHI-24AUG11-T82
2024-08-11,CHI,CHI,temperature,74,below,0,0.01,HIGHCHI-24AUG11-T75
2024-08-11,AUS,AUS,temperature,94,below,0,0.01,HIGHAUS-24AUG11-T95
2024-08-11,AUS,AUS,temperature,103,above,0,0.01,HIGHAUS-24AUG11-T102
2024-08-11,NY,NY,temperature,87,above,0,0.01,HIGHNY-24AUG11-T86
2024-08-11,NY,NY,temperature,78,below,0,0.01,HIGHNY-24AUG11-T79
2024-08-11,MIA,MIA,temperature,94,above,0,0.01,HIGHMIA-24AUG11-T93
2024-08-11,MIA,MIA,temperature,85,below,0,0.01,HIGHMIA-24AUG11-T86
2024-08-10,MIA,MIA,temperature,95,above,0,0.01,HIGHMIA-24AUG10-T94
2024-08-10,MIA,MIA,temperature,86,below,0,0.01,HIGHMIA-24AUG10-T87
2024-08-09,CHI,CHI,temperature,79,above,0,0.01,HIGHCHI-24AUG09-T78
2024-08-09,CHI,CHI,temperature,70,below,0,0.01,HIGHCHI-24AUG09-T71
2024-08-09,AUS,AUS,temperature,96,below,0,0.01,HIGHAUS-24AUG09-T97
2024-08-09,AUS,AUS,temperature,105,above,0,0.01,HIGHAUS-24AUG09-T104
2024-08-09,NY,NY,temperature,86,above,0,0.01,HIGHNY-24AUG09-T85
2024-08-09,NY,NY,temperature,77,below,0,0.01,HIGHNY-24AUG09-T78
2024-08-09,MIA,MIA,temperature,96,above,0,0.09,HIGHMIA-24AUG09-T95
2024-08-09,MIA,MIA,temperature,87,below,0,0.01,HIGHMIA-24AUG09-T88
2024-08-08,AUS,AUS,temperature,98,below,0,0.02,HIGHAUS-24AUG08-T99
2024-08-08,AUS,AUS,temperature,107,above,0,0.01,HIGHAUS-24AUG08-T106
2024-08-08,CHI,CHI,temperature,86,above,0,0.01,HIGHCHI-24AUG08-T85
2024-08-08,CHI,CHI,temperature,77,below,0,0.01,HIGHCHI-24AUG08-T78
2024-08-08,NY,NY,temperature,78,above,0,0.01,HIGHNY-24AUG08-T77
2024-08-08,NY,NY,temperature,69,below,0,0.15,HIGHNY-24AUG08-T70
2024-08-08,MIA,MIA,temperature,96,above,0,0.01,HIGHMIA-24AUG08-T95
2024-08-08,MIA,MIA,temperature,87,below,0,0.01,HIGHMIA-24AUG08-T88
2024-08-07,CHI,CHI,temperature,80,above,0,0.79,HIGHCHI-24AUG07-T79
2024-08-07,CHI,CHI,temperature,71,below,0,0.01,HIGHCHI-24AUG07-T72
2024-08-07,MIA,MIA,temperature,98,above,0,0.01,HIGHMIA-24AUG07-T97
2024-08-07,MIA,MIA,temperature,89,below,0,0.01,HIGHMIA-24AUG07-T90
2024-08-07,NY,NY,temperature,76,above,0,0.01,HIGHNY-24AUG07-T75
2024-08-07,NY,NY,temperature,67,below,0,0.01,HIGHNY-24AUG07-T68
2024-08-07,AUS,AUS,temperature,97,below,0,0.01,HIGHAUS-24AUG07-T98
2024-08-07,AUS,AUS,temperature,106,above,0,0.01,HIGHAUS-24AUG07-T105
2024-08-06,NY,NY,temperature,87,above,1,0.99,HIGHNY-24AUG06-T86
2024-08-06,NY,NY,temperature,78,below,0,0.01,HIGHNY-24AUG06-T79
2024-08-06,CHI,CHI,temperature,80,above,0,0.01,HIGHCHI-24AUG06-T79
2024-08-06,CHI,CHI,temperature,71,below,0,0.01,HIGHCHI-24AUG06-T72
2024-08-06,AUS,AUS,temperature,95,below,0,0.01,HIGHAUS-24AUG06-T96
2024-08-06,AUS,AUS,temperature,104,above,0,0.01,HIGHAUS-24AUG06-T103
2024-08-06,MIA,MIA,temperature,95,above,0,0.03,HIGHMIA-24AUG06-T94
2024-08-06,MIA,MIA,temperature,86,below,0,0.01,HIGHMIA-24AUG06-T87
2024-08-05,CHI,CHI,temperature,88,above,1,0.99,HIGHCHI-24AUG05-T87
2024-08-05,CHI,CHI,temperature,79,below,0,0.01,HIGHCHI-24AUG05-T80
2024-08-05,MIA,MIA,temperature,95,above,0,0.01,HIGHMIA-24AUG05-T94
2024-08-05,MIA,MIA,temperature,86,below,0,0.01,HIGHMIA-24AUG05-T87
2024-08-05,AUS,AUS,temperature,93,below,0,0.01,HIGHAUS-24AUG05-T94
2024-08-05,AUS,AUS,temperature,102,above,0,0.01,HIGHAUS-24AUG05-T101
2024-08-05,NY,NY,temperature,96,above,0,0.01,HIGHNY-24AUG05-T95
2024-08-05,NY,NY,temperature,87,below,0,0.01,HIGHNY-24AUG05-T88
2024-08-04,NY,NY,temperature,86,above,0,0.01,HIGHNY-24AUG04-T85
2024-08-04,NY,NY,temperature,77,below,0,0.01,HIGHNY-24AUG04-T78
2024-08-04,CHI,CHI,temperature,95,above,0,0.01,HIGHCHI-24AUG04-T94
2024-08-04,CHI,CHI,temperature,86,below,0,0.01,HIGHCHI-24AUG04-T87
2024-08-04,MIA,MIA,temperature,94,above,0,0.03,HIGHMIA-24AUG04-T93
2024-08-04,MIA,MIA,temperature,85,below,0,0.01,HIGHMIA-24AUG04-T86
2024-08-04,AUS,AUS,temperature,94,below,0,0.01,HIGHAUS-24AUG04-T95
2024-08-04,AUS,AUS,temperature,103,above,0,0.01,HIGHAUS-24AUG04-T102
2024-08-03,MIA,MIA,temperature,91,above,0,0.02,HIGHMIA-24AUG03-T90
2024-08-03,MIA,MIA,temperature,82,below,0,0.03,HIGHMIA-24AUG03-T83
2024-08-03,CHI,CHI,temperature,93,above,0,0.01,HIGHCHI-24AUG03-T92
2024-08-03,CHI,CHI,temperature,84,below,0,0.01,HIGHCHI-24AUG03-T85
2024-08-03,AUS,AUS,temperature,97,below,0,0.01,HIGHAUS-24AUG03-T98
2024-08-03,AUS,AUS,temperature,106,above,0,0.01,HIGHAUS-24AUG03-T105
2024-08-03,NY,NY,temperature,92,above,1,0.99,HIGHNY-24AUG03-T91
2024-08-03,NY,NY,temperature,83,below,0,0.01,HIGHNY-24AUG03-T84
2024-08-02,CHI,CHI,temperature,85,above,1,0.99,HIGHCHI-24AUG02-T84
2024-08-02,CHI,CHI,temperature,76,below,0,0.01,HIGHCHI-24AUG02-T77
2024-08-02,MIA,MIA,temperature,95,above,0,0.01,HIGHMIA-24AUG02-T94
2024-08-02,MIA,MIA,temperature,86,below,0,0.01,HIGHMIA-24AUG02-T87
2024-08-02,AUS,AUS,temperature,94,below,0,0.01,HIGHAUS-24AUG02-T95
2024-08-02,AUS,AUS,temperature,103,above,0,0.01,HIGHAUS-24AUG02-T102
2024-08-02,NY,NY,temperature,94,above,0,0.01,HIGHNY-24AUG02-T93
2024-08-02,NY,NY,temperature,85,below,0,0.01,HIGHNY-24AUG02-T86
2024-08-01,AUS,AUS,temperature,92,below,0,0.01,HIGHAUS-24AUG01-T93
2024-08-01,AUS,AUS,temperature,101,above,0,0.01,HIGHAUS-24AUG01-T100
2024-08-01,MIA,MIA,temperature,95,above,0,0.01,HIGHMIA-24AUG01-T94
2024-08-01,MIA,MIA,temperature,86,below,0,0.01,HIGHMIA-24AUG01-T87
2024-08-01,NY,NY,temperature,97,above,0,0.01,HIGHNY-24AUG01-T96
2024-08-01,NY,NY,temperature,88,below,0,0.01,HIGHNY-24AUG01-T89
2024-08-01,CHI,CHI,temperature,93,above,0,0.01,HIGHCHI-24AUG01-T92
2024-08-01,CHI,CHI,temperature,84,below,0,0.01,HIGHCHI-24AUG01-T85
2024-07-31,MIA,MIA,temperature,94,above,0,0.02,HIGHMIA-24JUL31-T93
2024-07-31,MIA,MIA,temperature,85,below,0,0.01,HIGHMIA-24JUL31-T86
2024-07-31,AUS,AUS,temperature,100,above,0,0.01,HIGHAUS-24JUL31-T99
2024-07-31,AUS,AUS,temperature,91,below,0,0.01,HIGHAUS-24JUL31-T92
2024-07-31,NY,NY,temperature,92,above,0,0.01,HIGHNY-24JUL31-T91
2024-07-31,NY,NY,temperature,83,below,0,0.01,HIGHNY-24JUL31-T84
2024-07-31,CHI,CHI,temperature,94,above,0,0.02,HIGHCHI-24JUL31-T93
2024-07-31,CHI,CHI,temperature,85,below,0,0.01,HIGHCHI-24JUL31-T86
2024-07-30,AUS,AUS,temperature,99,above,0,0.01,HIGHAUS-24JUL30-T98
2024-07-30,AUS,AUS,temperature,90,below,0,0.01,HIGHAUS-24JUL30-T91
2024-07-30,NY,NY,temperature,89,above,0,0.01,HIGHNY-24JUL30-T88
2024-07-30,NY,NY,temperature,80,below,0,0.01,HIGHNY-24JUL30-T81
2024-07-30,CHI,CHI,temperature,95,above,0,0.01,HIGHCHI-24JUL30-T94
2024-07-30,CHI,CHI,temperature,86,below,0,0.01,HIGHCHI-24JUL30-T87
2024-07-30,MIA,MIA,temperature,94,above,0,0.01,HIGHMIA-24JUL30-T93
2024-07-30,MIA,MIA,temperature,85,below,0,0.01,HIGHMIA-24JUL30-T86
2024-07-29,NY,NY,temperature,88,above,0,0.01,HIGHNY-24JUL29-T87
2024-07-29,NY,NY,temperature,79,below,0,0.01,HIGHNY-24JUL29-T80
2024-07-29,CHI,CHI,temperature,91,above,0,0.03,HIGHCHI-24JUL29-T90
2024-07-29,CHI,CHI,temperature,82,below,0,0.01,HIGHCHI-24JUL29-T83
2024-07-29,MIA,MIA,temperature,94,above,0,0.16,HIGHMIA-24JUL29-T93
2024-07-29,MIA,MIA,temperature,85,below,0,0.01,HIGHMIA-24JUL29-T86
2024-07-29,AUS,AUS,temperature,98,above,0,0.01,HIGHAUS-24JUL29-T97
2024-07-29,AUS,AUS,temperature,89,below,0,0.01,HIGHAUS-24JUL29-T90
2024-07-28,MIA,MIA,temperature,96,above,0,0.01,HIGHMIA-24JUL28-T95
2024-07-28,MIA,MIA,temperature,87,below,0,0.01,HIGHMIA-24JUL28-T88
2024-07-28,AUS,AUS,temperature,92,above,0,0.01,HIGHAUS-24JUL28-T91
2024-07-28,AUS,AUS,temperature,83,below,0,0.01,HIGHAUS-24JUL28-T84
2024-07-28,CHI,CHI,temperature,85,above,0,0.01,HIGHCHI-24JUL28-T84
2024-07-28,CHI,CHI,temperature,76,below,0,0.01,HIGHCHI-24JUL28-T77
2024-07-28,NY,NY,temperature,90,above,0,0.01,HIGHNY-24JUL28-T89
2024-07-28,NY,NY,temperature,81,below,0,0.01,HIGHNY-24JUL28-T82
2024-07-27,MIA,MIA,temperature,95,above,0,0.01,HIGHMIA-24JUL27-T94
2024-07-27,MIA,MIA,temperature,86,below,0,0.01,HIGHMIA-24JUL27-T87
2024-07-27,AUS,AUS,temperature,91,above,0,0.01,HIGHAUS-24JUL27-T90
2024-07-27,AUS,AUS,temperature,82,below,0,0.01,HIGHAUS-24JUL27-T83
2024-07-27,NY,NY,temperature,91,above,0,0.01,HIGHNY-24JUL27-T90
2024-07-27,NY,NY,temperature,82,below,0,0.01,HIGHNY-24JUL27-T83
2024-07-27,CHI,CHI,temperature,91,above,0,0.01,HIGHCHI-24JUL27-T90
2024-07-27,CHI,CHI,temperature,82,below,0,0.01,HIGHCHI-24JUL27-T83
2024-07-26,AUS,AUS,temperature,88,above,1,0.99,HIGHAUS-24JUL26-T87
2024-07-26,AUS,AUS,temperature,79,below,0,0.01,HIGHAUS-24JUL26-T80
2024-07-26,CHI,CHI,temperature,86,above,0,0.01,HIGHCHI-24JUL26-T85
2024-07-26,CHI,CHI,temperature,77,below,0,0.01,HIGHCHI-24JUL26-T78
2024-07-26,MIA,MIA,temperature,94,above,0,0.01,HIGHMIA-24JUL26-T93
2024-07-26,MIA,MIA,temperature,85,below,0,0.01,HIGHMIA-24JUL26-T86
2024-07-26,NY,NY,temperature,89,above,0,0.01,HIGHNY-24JUL26-T88
2024-07-26,NY,NY,temperature,80,below,0,0.01,HIGHNY-24JUL26-T81
2024-07-25,NY,NY,temperature,89,above,0,0.01,HIGHNY-24JUL25-T88
2024-07-25,NY,NY,temperature,80,below,0,0.01,HIGHNY-24JUL25-T81
2024-07-25,CHI,CHI,temperature,84,above,0,0.01,HIGHCHI-24JUL25-T83
2024-07-25,CHI,CHI,temperature,75,below,0,0.01,HIGHCHI-24JUL25-T76
2024-07-25,AUS,AUS,temperature,89,above,0,0.01,HIGHAUS-24JUL25-T88
2024-07-25,AUS,AUS,temperature,80,below,0,0.01,HIGHAUS-24JUL25-T81
2024-07-25,MIA,MIA,temperature,94,above,0,0.01,HIGHMIA-24JUL25-T93
2024-07-25,MIA,MIA,temperature,85,below,0,0.01,HIGHMIA-24JUL25-T86
2024-07-24,MIA,MIA,temperature,94,above,0,0.01,HIGHMIA-24JUL24-T93
2024-07-24,MIA,MIA,temperature,85,below,0,0.05,HIGHMIA-24JUL24-T86
2024-07-24,NY,NY,temperature,87,above,0,0.01,HIGHNY-24JUL24-T86
2024-07-24,NY,NY,temperature,78,below,0,0.01,HIGHNY-24JUL24-T79
2024-07-24,CHI,CHI,temperature,83,above,0,0.06,HIGHCHI-24JUL24-T82
2024-07-24,CHI,CHI,temperature,74,below,0,0.03,HIGHCHI-24JUL24-T75
2024-07-24,AUS,AUS,temperature,92,above,0,0.01,HIGHAUS-24JUL24-T91
2024-07-24,AUS,AUS,temperature,83,below,0,0.01,HIGHAUS-24JUL24-T84
2024-07-20,CHI,CHI,temperature,86,above,0,0.01,HIGHCHI-24JUL20-T85
2024-07-20,CHI,CHI,temperature,77,below,0,0.01,HIGHCHI-24JUL20-T78
2024-07-23,MIA,MIA,temperature,93,above,0,0.01,HIGHMIA-24JUL23-T92
2024-07-23,MIA,MIA,temperature,84,below,0,0.01,HIGHMIA-24JUL23-T85
2024-07-23,AUS,AUS,temperature,90,above,0,0.01,HIGHAUS-24JUL23-T89
2024-07-23,AUS,AUS,temperature,81,below,0,0.03,HIGHAUS-24JUL23-T82
2024-07-23,CHI,CHI,temperature,90,above,0,0.01,HIGHCHI-24JUL23-T89
2024-07-23,CHI,CHI,temperature,81,below,0,0.01,HIGHCHI-24JUL23-T82
2024-07-23,NY,NY,temperature,88,above,0,0.01,HIGHNY-24JUL23-T87
2024-07-23,NY,NY,temperature,79,below,0,0.03,HIGHNY-24JUL23-T80
2024-07-22,CHI,CHI,temperature,87,above,0,0.01,HIGHCHI-24JUL22-T86
2024-07-22,CHI,CHI,temperature,78,below,0,0.01,HIGHCHI-24JUL22-T79
2024-07-22,AUS,AUS,temperature,95,above,0,0.03,HIGHAUS-24JUL22-T94
2024-07-22,AUS,AUS,temperature,86,below,0,0.01,HIGHAUS-24JUL22-T87
2024-07-22,MIA,MIA,temperature,93,above,0,0.01,HIGHMIA-24JUL22-T92
2024-07-22,MIA,MIA,temperature,84,below,0,0.01,HIGHMIA-24JUL22-T85
2024-07-22,NY,NY,temperature,89,above,0,0.01,HIGHNY-24JUL22-T88
2024-07-22,NY,NY,temperature,80,below,0,0.01,HIGHNY-24JUL22-T81
2024-07-21,AUS,AUS,temperature,99,above,0,0.01,HIGHAUS-24JUL21-T98
2024-07-21,AUS,AUS,temperature,90,below,0,0.06,HIGHAUS-24JUL21-T91
2024-07-21,MIA,MIA,temperature,94,above,0,0.01,HIGHMIA-24JUL21-T93
2024-07-21,MIA,MIA,temperature,85,below,0,0.01,HIGHMIA-24JUL21-T86
2024-07-21,NY,NY,temperature,92,above,0,0.01,HIGHNY-24JUL21-T91
2024-07-21,NY,NY,temperature,83,below,0,0.01,HIGHNY-24JUL21-T84
2024-07-21,CHI,CHI,temperature,86,above,0,0.01,HIGHCHI-24JUL21-T85
2024-07-21,CHI,CHI,temperature,77,below,0,0.01,HIGHCHI-24JUL21-T78
2024-07-20,MIA,MIA,temperature,95,above,0,0.01,HIGHMIA-24JUL20-T94
2024-07-20,MIA,MIA,temperature,86,below,0,0.01,HIGHMIA-24JUL20-T87
2024-07-20,NY,NY,temperature,90,above,0,0.01,HIGHNY-24JUL20-T89
2024-07-20,NY,NY,temperature,81,below,0,0.01,HIGHNY-24JUL20-T82
2024-07-20,AUS,AUS,temperature,92,below,0,0.01,HIGHAUS-24JUL20-T93
2024-07-20,AUS,AUS,temperature,101,above,0,0.01,HIGHAUS-24JUL20-T100
2024-07-19,AUS,AUS,temperature,99,above,0,0.01,HIGHAUS-24JUL19-T98
2024-07-19,AUS,AUS,temperature,90,below,0,0.02,HIGHAUS-24JUL19-T91
2024-07-19,MIA,MIA,temperature,94,above,0,0.01,HIGHMIA-24JUL19-T93
2024-07-19,MIA,MIA,temperature,85,below,0,0.01,HIGHMIA-24JUL19-T86
2024-07-19,CHI,CHI,temperature,84,above,0,0.01,HIGHCHI-24JUL19-T83
2024-07-19,CHI,CHI,temperature,75,below,0,0.01,HIGHCHI-24JUL19-T76
2024-07-19,NY,NY,temperature,91,above,0,0.01,HIGHNY-24JUL19-T90
2024-07-19,NY,NY,temperature,82,below,0,0.01,HIGHNY-24JUL19-T83
2024-07-18,AUS,AUS,temperature,92,below,0,0.01,HIGHAUS-24JUL18-T93
2024-07-18,AUS,AUS,temperature,101,above,0,0.09,HIGHAUS-24JUL18-T100
2024-07-18,CHI,CHI,temperature,80,above,0,0.01,HIGHCHI-24JUL18-T79
2024-07-18,CHI,CHI,temperature,71,below,0,0.01,HIGHCHI-24JUL18-T72
2024-07-18,NY,NY,temperature,92,above,0,0.01,HIGHNY-24JUL18-T91
2024-07-18,NY,NY,temperature,83,below,0,0.01,HIGHNY-24JUL18-T84
2024-07-18,MIA,MIA,temperature,94,above,0,0.01,HIGHMIA-24JUL18-T93
2024-07-18,MIA,MIA,temperature,85,below,0,0.01,HIGHMIA-24JUL18-T86
2024-07-17,NY,NY,temperature,97,above,0,0.01,HIGHNY-24JUL17-T96
2024-07-17,NY,NY,temperature,88,below,0,0.01,HIGHNY-24JUL17-T89
2024-07-17,AUS,AUS,temperature,94,below,0,0.01,HIGHAUS-24JUL17-T95
2024-07-17,AUS,AUS,temperature,103,above,0,0.01,HIGHAUS-24JUL17-T102
2024-07-17,MIA,MIA,temperature,94,above,0,0.01,HIGHMIA-24JUL17-T93
2024-07-17,MIA,MIA,temperature,85,below,0,0.01,HIGHMIA-24JUL17-T86
2024-07-17,CHI,CHI,temperature,85,above,0,0.01,HIGHCHI-24JUL17-T84
2024-07-17,CHI,CHI,temperature,76,below,0,0.01,HIGHCHI-24JUL17-T77
2024-07-16,AUS,AUS,temperature,93,below,0,0.01,HIGHAUS-24JUL16-T94
2024-07-16,AUS,AUS,temperature,102,above,0,0.01,HIGHAUS-24JUL16-T101
2024-07-16,NY,NY,temperature,100,above,0,0.01,HIGHNY-24JUL16-T99
2024-07-16,NY,NY,temperature,91,below,0,0.01,HIGHNY-24JUL16-T92
2024-07-16,MIA,MIA,temperature,94,above,0,0.01,HIGHMIA-24JUL16-T93
2024-07-16,MIA,MIA,temperature,85,below,0,0.01,HIGHMIA-24JUL16-T86
2024-07-16,CHI,CHI,temperature,89,above,0,0.01,HIGHCHI-24JUL16-T88
2024-07-16,CHI,CHI,temperature,80,below,0,0.01,HIGHCHI-24JUL16-T81
2024-07-15,CHI,CHI,temperature,98,above,0,0.01,HIGHCHI-24JUL15-T97
2024-07-15,CHI,CHI,temperature,89,below,0,0.01,HIGHCHI-24JUL15-T90
2024-07-15,NY,NY,temperature,99,above,0,0.01,HIGHNY-24JUL15-T98
2024-07-15,NY,NY,temperature,90,below,0,0.01,HIGHNY-24JUL15-T91
2024-07-15,AUS,AUS,temperature,92,below,0,0.01,HIGHAUS-24JUL15-T93
2024-07-15,AUS,AUS,temperature,101,above,0,0.01,HIGHAUS-24JUL15-T100
2024-07-15,MIA,MIA,temperature,93,above,0,0.01,HIGHMIA-24JUL15-T92
2024-07-15,MIA,MIA,temperature,84,below,0,0.01,HIGHMIA-24JUL15-T85
2024-07-14,NY,NY,temperature,96,above,0,0.01,HIGHNY-24JUL14-T95
2024-07-14,NY,NY,temperature,87,below,0,0.01,HIGHNY-24JUL14-T88
2024-07-14,CHI,CHI,temperature,96,above,0,0.01,HIGHCHI-24JUL14-T95
2024-07-14,CHI,CHI,temperature,87,below,0,0.26,HIGHCHI-24JUL14-T88
2024-07-14,AUS,AUS,temperature,98,above,0,0.07,HIGHAUS-24JUL14-T97
2024-07-14,AUS,AUS,temperature,89,below,0,0.01,HIGHAUS-24JUL14-T90
2024-07-14,MIA,MIA,temperature,94,above,0,0.01,HIGHMIA-24JUL14-T93
2024-07-14,MIA,MIA,temperature,85,below,0,0.01,HIGHMIA-24JUL14-T86
2024-07-13,NY,NY,temperature,90,above,0,0.03,HIGHNY-24JUL13-T89
2024-07-13,NY,NY,temperature,81,below,0,0.01,HIGHNY-24JUL13-T82
2024-07-13,CHI,CHI,temperature,94,above,0,0.02,HIGHCHI-24JUL13-T93
2024-07-13,CHI,CHI,temperature,85,below,0,0.01,HIGHCHI-24JUL13-T86
2024-07-13,AUS,AUS,temperature,98,above,0,0.01,HIGHAUS-24JUL13-T97
2024-07-13,AUS,AUS,temperature,89,below,1,0.99,HIGHAUS-24JUL13-T90
2024-07-13,MIA,MIA,temperature,94,above,0,0.01,HIGHMIA-24JUL13-T93
2024-07-13,MIA,MIA,temperature,85,below,0,0.01,HIGHMIA-24JUL13-T86
2024-07-12,NY,NY,temperature,89,above,0,0.01,HIGHNY-24JUL12-T88
2024-07-12,NY,NY,temperature,80,below,0,0.01,HIGHNY-24JUL12-T81
2024-07-12,CHI,CHI,temperature,89,above,0,0.01,HIGHCHI-24JUL12-T88
2024-07-12,CHI,CHI,temperature,80,below,0,0.01,HIGHCHI-24JUL12-T81
2024-07-12,AUS,AUS,temperature,97,above,0,0.01,HIGHAUS-24JUL12-T96
2024-07-12,AUS,AUS,temperature,88,below,1,0.97,HIGHAUS-24JUL12-T89
2024-07-12,MIA,MIA,temperature,94,above,0,0.01,HIGHMIA-24JUL12-T93
2024-07-12,MIA,MIA,temperature,85,below,0,0.01,HIGHMIA-24JUL12-T86
2024-07-11,MIA,MIA,temperature,94,above,0,0.01,HIGHMIA-24JUL11-T93
2024-07-11,MIA,MIA,temperature,85,below,0,0.01,HIGHMIA-24JUL11-T86
2024-07-11,AUS,AUS,temperature,92,below,0,0.01,HIGHAUS-24JUL11-T93
2024-07-11,AUS,AUS,temperature,101,above,0,0.01,HIGHAUS-24JUL11-T100
2024-07-11,NY,NY,temperature,93,above,0,0.01,HIGHNY-24JUL11-T92
2024-07-11,NY,NY,temperature,84,below,0,0.01,HIGHNY-24JUL11-T85
2024-07-11,CHI,CHI,temperature,86,above,0,0.08,HIGHCHI-24JUL11-T85
2024-07-11,CHI,CHI,temperature,77,below,0,0.01,HIGHCHI-24JUL11-T78
2024-07-10,CHI,CHI,temperature,84,above,1,0.97,HIGHCHI-24JUL10-T83
2024-07-10,CHI,CHI,temperature,75,below,0,0.01,HIGHCHI-24JUL10-T76
2024-07-10,NY,NY,temperature,93,above,0,0.05,HIGHNY-24JUL10-T92
2024-07-10,NY,NY,temperature,84,below,0,0.01,HIGHNY-24JUL10-T85
2024-07-10,MIA,MIA,temperature,95,above,0,0.03,HIGHMIA-24JUL10-T94
2024-07-10,MIA,MIA,temperature,86,below,0,0.01,HIGHMIA-24JUL10-T87
2024-07-10,AUS,AUS,temperature,93,below,0,0.01,HIGHAUS-24JUL10-T94
2024-07-10,AUS,AUS,temperature,102,above,0,0.01,HIGHAUS-24JUL10-T101
2024-07-09,AUS,AUS,temperature,99,above,0,0.50,HIGHAUS-24JUL09-T98
2024-07-09,AUS,AUS,temperature,90,below,0,0.00,HIGHAUS-24JUL09-T91
2024-07-09,NY,NY,temperature,94,above,0,0.01,HIGHNY-24JUL09-T93
2024-07-09,NY,NY,temperature,85,below,0,0.01,HIGHNY-24JUL09-T86
2024-07-09,CHI,CHI,temperature,88,above,0,0.04,HIGHCHI-24JUL09-T87
2024-07-09,CHI,CHI,temperature,79,below,0,0.01,HIGHCHI-24JUL09-T80
2024-07-09,MIA,MIA,temperature,94,above,0,0.02,HIGHMIA-24JUL09-T93
2024-07-09,MIA,MIA,temperature,85,below,0,0.01,HIGHMIA-24JUL09-T86
2024-07-08,MIA,MIA,temperature,96,above,0,0.01,HIGHMIA-24JUL08-T95
2024-07-08,MIA,MIA,temperature,87,below,0,0.01,HIGHMIA-24JUL08-T88
2024-07-08,AUS,AUS,temperature,91,above,1,0.99,HIGHAUS-24JUL08-T90
2024-07-08,AUS,AUS,temperature,82,below,0,0.01,HIGHAUS-24JUL08-T83
2024-07-08,NY,NY,temperature,94,above,1,0.99,HIGHNY-24JUL08-T93
2024-07-08,NY,NY,temperature,85,below,0,0.01,HIGHNY-24JUL08-T86
2024-07-08,CHI,CHI,temperature,89,above,0,0.02,HIGHCHI-24JUL08-T88
2024-07-08,CHI,CHI,temperature,80,below,0,0.01,HIGHCHI-24JUL08-T81
2024-07-07,NY,NY,temperature,95,above,0,0.01,HIGHNY-24JUL07-T94
2024-07-07,NY,NY,temperature,86,below,0,0.01,HIGHNY-24JUL07-T87
2024-07-07,MIA,MIA,temperature,94,above,0,0.02,HIGHMIA-24JUL07-T93
2024-07-07,MIA,MIA,temperature,85,below,0,0.01,HIGHMIA-24JUL07-T86
2024-07-07,AUS,AUS,temperature,92,below,0,0.01,HIGHAUS-24JUL07-T93
2024-07-07,AUS,AUS,temperature,101,above,0,0.01,HIGHAUS-24JUL07-T100
2024-07-07,CHI,CHI,temperature,89,above,1,0.97,HIGHCHI-24JUL07-T88
2024-07-07,CHI,CHI,temperature,80,below,0,0.03,HIGHCHI-24JUL07-T81
2024-07-06,NY,NY,temperature,92,above,1,0.97,HIGHNY-24JUL06-T91
2024-07-06,NY,NY,temperature,83,below,0,0.00,HIGHNY-24JUL06-T84
2024-07-06,AUS,AUS,temperature,92,below,0,0.01,HIGHAUS-24JUL06-T93
2024-07-06,AUS,AUS,temperature,101,above,0,0.01,HIGHAUS-24JUL06-T100
2024-07-06,CHI,CHI,temperature,84,above,0,0.01,HIGHCHI-24JUL06-T83
2024-07-06,CHI,CHI,temperature,75,below,0,0.05,HIGHCHI-24JUL06-T76
2024-07-06,MIA,MIA,temperature,94,above,0,0.01,HIGHMIA-24JUL06-T93
2024-07-06,MIA,MIA,temperature,85,below,0,0.01,HIGHMIA-24JUL06-T86
2024-07-05,NY,NY,temperature,91,above,0,0.01,HIGHNY-24JUL05-T90
2024-07-05,NY,NY,temperature,82,below,0,0.01,HIGHNY-24JUL05-T83
2024-07-05,AUS,AUS,temperature,95,below,0,0.01,HIGHAUS-24JUL05-T96
2024-07-05,AUS,AUS,temperature,104,above,0,0.06,HIGHAUS-24JUL05-T103
2024-07-05,MIA,MIA,temperature,94,above,0,0.03,HIGHMIA-24JUL05-T93
2024-07-05,MIA,MIA,temperature,85,below,0,0.03,HIGHMIA-24JUL05-T86
2024-07-05,CHI,CHI,temperature,86,above,0,0.01,HIGHCHI-24JUL05-T85
2024-07-05,CHI,CHI,temperature,77,below,0,0.01,HIGHCHI-24JUL05-T78
2024-07-04,NY,NY,temperature,90,above,0,0.02,HIGHNY-24JUL04-T89
2024-07-04,NY,NY,temperature,81,below,0,0.01,HIGHNY-24JUL04-T82
2024-07-04,AUS,AUS,temperature,95,below,0,0.01,HIGHAUS-24JUL04-T96
2024-07-04,AUS,AUS,temperature,104,above,0,0.01,HIGHAUS-24JUL04-T103
2024-07-04,MIA,MIA,temperature,94,above,0,0.01,HIGHMIA-24JUL04-T93
2024-07-04,MIA,MIA,temperature,85,below,0,0.01,HIGHMIA-24JUL04-T86
2024-07-04,CHI,CHI,temperature,88,above,0,0.01,HIGHCHI-24JUL04-T87
2024-07-04,CHI,CHI,temperature,79,below,0,0.01,HIGHCHI-24JUL04-T80
2024-07-03,MIA,MIA,temperature,94,above,0,0.01,HIGHMIA-24JUL03-T93
2024-07-03,MIA,MIA,temperature,85,below,0,0.01,HIGHMIA-24JUL03-T86
2024-07-03,NY,NY,temperature,88,above,0,0.01,HIGHNY-24JUL03-T87
2024-07-03,NY,NY,temperature,79,below,0,0.01,HIGHNY-24JUL03-T80
2024-07-03,AUS,AUS,temperature,94,below,0,0.01,HIGHAUS-24JUL03-T95
2024-07-03,AUS,AUS,temperature,103,above,0,0.01,HIGHAUS-24JUL03-T102
2024-07-03,CHI,CHI,temperature,93,above,0,0.01,HIGHCHI-24JUL03-T92
2024-07-03,CHI,CHI,temperature,84,below,0,0.01,HIGHCHI-24JUL03-T85
2024-07-02,AUS,AUS,temperature,95,below,0,0.00,HIGHAUS-24JUL02-T96
2024-07-02,AUS,AUS,temperature,104,above,0,0.01,HIGHAUS-24JUL02-T103
2024-07-02,CHI,CHI,temperature,90,above,0,0.03,HIGHCHI-24JUL02-T89
2024-07-02,CHI,CHI,temperature,81,below,0,0.00,HIGHCHI-24JUL02-T82
2024-07-02,MIA,MIA,temperature,93,above,0,0.01,HIGHMIA-24JUL02-T92
2024-07-02,MIA,MIA,temperature,84,below,0,0.00,HIGHMIA-24JUL02-T85
2024-07-02,NY,NY,temperature,88,above,0,0.01,HIGHNY-24JUL02-T87
2024-07-02,NY,NY,temperature,79,below,0,0.01,HIGHNY-24JUL02-T80
2024-07-01,NY,NY,temperature,84,above,0,0.01,HIGHNY-24JUL01-T83
2024-07-01,NY,NY,temperature,75,below,0,0.01,HIGHNY-24JUL01-T76
2024-07-01,MIA,MIA,temperature,92,above,0,0.01,HIGHMIA-24JUL01-T91
2024-07-01,MIA,MIA,temperature,83,below,0,0.05,HIGHMIA-24JUL01-T84
2024-07-01,CHI,CHI,temperature,79,above,0,0.01,HIGHCHI-24JUL01-T78
2024-07-01,CHI,CHI,temperature,70,below,0,0.00,HIGHCHI-24JUL01-T71
2024-07-01,AUS,AUS,temperature,95,below,0,0.00,HIGHAUS-24JUL01-T96
2024-07-01,AUS,AUS,temperature,104,above,0,0.02,HIGHAUS-24JUL01-T103
2024-06-30,NY,NY,temperature,93,above,0,0.03,HIGHNY-24JUN30-T92
2024-06-30,NY,NY,temperature,84,below,0,0.01,HIGHNY-24JUN30-T85
2024-06-30,MIA,MIA,temperature,91,above,0,0.01,HIGHMIA-24JUN30-T90
2024-06-30,MIA,MIA,temperature,82,below,0,0.01,HIGHMIA-24JUN30-T83
2024-06-30,AUS,AUS,temperature,93,below,0,0.00,HIGHAUS-24JUN30-T94
2024-06-30,AUS,AUS,temperature,102,above,0,0.01,HIGHAUS-24JUN30-T101
2024-06-30,CHI,CHI,temperature,74,above,0,0.01,HIGHCHI-24JUN30-T73
2024-06-30,CHI,CHI,temperature,65,below,0,0.01,HIGHCHI-24JUN30-T66
2024-06-29,CHI,CHI,temperature,92,above,0,0.01,HIGHCHI-24JUN29-T91
2024-06-29,CHI,CHI,temperature,83,below,0,0.02,HIGHCHI-24JUN29-T84
2024-06-29,NY,NY,temperature,84,above,0,0.00,HIGHNY-24JUN29-T83
2024-06-29,NY,NY,temperature,75,below,0,0.01,HIGHNY-24JUN29-T76
2024-06-29,AUS,AUS,temperature,93,below,0,0.00,HIGHAUS-24JUN29-T94
2024-06-29,AUS,AUS,temperature,102,above,0,0.01,HIGHAUS-24JUN29-T101
2024-06-29,MIA,MIA,temperature,93,above,0,0.68,HIGHMIA-24JUN29-T92
2024-06-29,MIA,MIA,temperature,84,below,0,0.01,HIGHMIA-24JUN29-T85
2024-06-28,MIA,MIA,temperature,94,above,0,0.01,HIGHMIA-24JUN28-T93
2024-06-28,MIA,MIA,temperature,85,below,0,0.00,HIGHMIA-24JUN28-T86
2024-06-28,AUS,AUS,temperature,93,below,0,0.00,HIGHAUS-24JUN28-T94
2024-06-28,AUS,AUS,temperature,102,above,0,0.03,HIGHAUS-24JUN28-T101
2024-06-28,CHI,CHI,temperature,86,above,0,0.01,HIGHCHI-24JUN28-T85
2024-06-28,CHI,CHI,temperature,77,below,1,0.98,HIGHCHI-24JUN28-T78
2024-06-28,NY,NY,temperature,82,above,0,0.02,HIGHNY-24JUN28-T81
2024-06-28,NY,NY,temperature,73,below,0,0.01,HIGHNY-24JUN28-T74
2024-06-27,AUS,AUS,temperature,93,below,0,0.00,HIGHAUS-24JUN27-T94
2024-06-27,AUS,AUS,temperature,102,above,0,0.01,HIGHAUS-24JUN27-T101
2024-06-27,CHI,CHI,temperature,78,above,0,0.01,HIGHCHI-24JUN27-T77
2024-06-27,CHI,CHI,temperature,69,below,0,0.02,HIGHCHI-24JUN27-T70
2024-06-27,NY,NY,temperature,90,above,0,0.11,HIGHNY-24JUN27-T89
2024-06-27,NY,NY,temperature,81,below,0,0.01,HIGHNY-24JUN27-T82
2024-06-27,MIA,MIA,temperature,95,above,0,0.02,HIGHMIA-24JUN27-T94
2024-06-27,MIA,MIA,temperature,86,below,0,0.00,HIGHMIA-24JUN27-T87
2024-06-26,CHI,CHI,temperature,85,above,1,0.99,HIGHCHI-24JUN26-T84
2024-06-26,CHI,CHI,temperature,76,below,0,0.00,HIGHCHI-24JUN26-T77
2024-06-26,NY,NY,temperature,92,above,1,0.99,HIGHNY-24JUN26-T91
2024-06-26,NY,NY,temperature,83,below,0,0.00,HIGHNY-24JUN26-T84
2024-06-26,AUS,AUS,temperature,92,below,0,0.01,HIGHAUS-24JUN26-T93
2024-06-26,AUS,AUS,temperature,101,above,0,0.02,HIGHAUS-24JUN26-T100
2024-06-26,MIA,MIA,temperature,93,above,0,0.01,HIGHMIA-24JUN26-T92
2024-06-26,MIA,MIA,temperature,84,below,0,0.00,HIGHMIA-24JUN26-T85
2024-06-25,CHI,CHI,temperature,93,above,0,0.02,HIGHCHI-24JUN25-T92
2024-06-25,CHI,CHI,temperature,84,below,0,0.05,HIGHCHI-24JUN25-T85
2024-06-25,MIA,MIA,temperature,92,above,0,0.01,HIGHMIA-24JUN25-T91
2024-06-25,MIA,MIA,temperature,83,below,0,0.00,HIGHMIA-24JUN25-T84
2024-06-25,AUS,AUS,temperature,100,above,0,0.07,HIGHAUS-24JUN25-T99
2024-06-25,AUS,AUS,temperature,91,below,0,0.00,HIGHAUS-24JUN25-T92
2024-06-25,NY,NY,temperature,95,above,0,0.12,HIGHNY-24JUN25-T94
2024-06-25,NY,NY,temperature,86,below,0,0.01,HIGHNY-24JUN25-T87
2024-06-24,CHI,CHI,temperature,88,above,1,0.99,HIGHCHI-24JUN24-T87
2024-06-24,CHI,CHI,temperature,79,below,0,0.00,HIGHCHI-24JUN24-T80
2024-06-24,AUS,AUS,temperature,100,above,0,0.03,HIGHAUS-24JUN24-T99
2024-06-24,AUS,AUS,temperature,91,below,0,0.00,HIGHAUS-24JUN24-T92
2024-06-24,NY,NY,temperature,90,above,0,0.10,HIGHNY-24JUN24-T89
2024-06-24,NY,NY,temperature,81,below,1,0.98,HIGHNY-24JUN24-T82
2024-06-24,MIA,MIA,temperature,92,above,0,0.28,HIGHMIA-24JUN24-T91
2024-06-24,MIA,MIA,temperature,83,below,0,0.01,HIGHMIA-24JUN24-T84
2024-06-23,CHI,CHI,temperature,88,above,0,0.09,HIGHCHI-24JUN23-T87
2024-06-23,CHI,CHI,temperature,79,below,0,0.01,HIGHCHI-24JUN23-T80
2024-06-23,AUS,AUS,temperature,99,above,0,0.06,HIGHAUS-24JUN23-T98
2024-06-23,AUS,AUS,temperature,90,below,0,0.01,HIGHAUS-24JUN23-T91
2024-06-23,MIA,MIA,temperature,91,above,0,0.03,HIGHMIA-24JUN23-T90
2024-06-23,MIA,MIA,temperature,82,below,0,0.01,HIGHMIA-24JUN23-T83
2024-06-23,NY,NY,temperature,99,above,0,0.01,HIGHNY-24JUN23-T98
2024-06-23,NY,NY,temperature,90,below,0,0.01,HIGHNY-24JUN23-T91
2024-06-22,AUS,AUS,temperature,97,above,0,0.03,HIGHAUS-24JUN22-T96
2024-06-22,AUS,AUS,temperature,88,below,0,0.15,HIGHAUS-24JUN22-T89
2024-06-22,CHI,CHI,temperature,98,above,0,0.03,HIGHCHI-24JUN22-T97
2024-06-22,CHI,CHI,temperature,89,below,0,0.00,HIGHCHI-24JUN22-T90
2024-06-22,MIA,MIA,temperature,93,above,0,0.01,HIGHMIA-24JUN22-T92
2024-06-22,MIA,MIA,temperature,84,below,0,0.00,HIGHMIA-24JUN22-T85
2024-06-22,NY,NY,temperature,96,above,0,0.01,HIGHNY-24JUN22-T95
2024-06-22,NY,NY,temperature,87,below,0,0.01,HIGHNY-24JUN22-T88
2024-06-21,NY,NY,temperature,96,above,0,0.01,HIGHNY-24JUN21-T95
2024-06-21,NY,NY,temperature,87,below,0,0.01,HIGHNY-24JUN21-T88
2024-06-21,MIA,MIA,temperature,92,above,0,0.03,HIGHMIA-24JUN21-T91
2024-06-21,MIA,MIA,temperature,83,below,0,0.00,HIGHMIA-24JUN21-T84
2024-06-21,CHI,CHI,temperature,94,above,1,0.80,HIGHCHI-24JUN21-T93
2024-06-21,CHI,CHI,temperature,85,below,0,0.01,HIGHCHI-24JUN21-T86
2024-06-21,AUS,AUS,temperature,96,above,0,0.01,HIGHAUS-24JUN21-T95
2024-06-21,AUS,AUS,temperature,87,below,0,0.13,HIGHAUS-24JUN21-T88
2024-06-20,NY,NY,temperature,95,above,0,0.02,HIGHNY-24JUN20-T94
2024-06-20,NY,NY,temperature,86,below,0,0.01,HIGHNY-24JUN20-T87
2024-06-20,CHI,CHI,temperature,98,above,0,0.04,HIGHCHI-24JUN20-T97
2024-06-20,CHI,CHI,temperature,89,below,1,0.98,HIGHCHI-24JUN20-T90
2024-06-20,AUS,AUS,temperature,94,above,0,0.03,HIGHAUS-24JUN20-T93
2024-06-20,AUS,AUS,temperature,85,below,0,0.01,HIGHAUS-24JUN20-T86
2024-06-20,MIA,MIA,temperature,92,above,0,0.05,HIGHMIA-24JUN20-T91
2024-06-20,MIA,MIA,temperature,83,below,0,0.00,HIGHMIA-24JUN20-T84
2024-06-19,NY,NY,temperature,95,above,0,0.01,HIGHNY-24JUN19-T94
2024-06-19,NY,NY,temperature,86,below,0,0.01,HIGHNY-24JUN19-T87
2024-06-19,CHI,CHI,temperature,100,above,0,0.01,HIGHCHI-24JUN19-T99
2024-06-19,CHI,CHI,temperature,91,below,0,0.01,HIGHCHI-24JUN19-T92
2024-06-19,AUS,AUS,temperature,85,above,0,0.02,HIGHAUS-24JUN19-T84
2024-06-19,AUS,AUS,temperature,76,below,0,0.00,HIGHAUS-24JUN19-T77
2024-06-19,MIA,MIA,temperature,91,above,0,0.01,HIGHMIA-24JUN19-T90
2024-06-19,MIA,MIA,temperature,82,below,0,0.00,HIGHMIA-24JUN19-T83
2024-06-18,NY,NY,temperature,94,above,0,0.01,HIGHNY-24JUN18-T93
2024-06-18,NY,NY,temperature,85,below,0,0.01,HIGHNY-24JUN18-T86
2024-06-18,AUS,AUS,temperature,96,above,1,0.99,HIGHAUS-24JUN18-T95
2024-06-18,AUS,AUS,temperature,87,below,0,0.01,HIGHAUS-24JUN18-T88
2024-06-18,MIA,MIA,temperature,91,above,0,0.05,HIGHMIA-24JUN18-T90
2024-06-18,MIA,MIA,temperature,82,below,0,0.00,HIGHMIA-24JUN18-T83
2024-06-18,CHI,CHI,temperature,97,above,0,0.01,HIGHCHI-24JUN18-T96
2024-06-18,CHI,CHI,temperature,88,below,0,0.01,HIGHCHI-24JUN18-T89
2024-06-17,CHI,CHI,temperature,99,above,0,0.07,HIGHCHI-24JUN17-T98
2024-06-17,CHI,CHI,temperature,90,below,0,0.00,HIGHCHI-24JUN17-T91
2024-06-17,MIA,MIA,temperature,91,above,0,0.01,HIGHMIA-24JUN17-T90
2024-06-17,MIA,MIA,temperature,82,below,0,0.00,HIGHMIA-24JUN17-T83
2024-06-17,NY,NY,temperature,88,above,0,0.03,HIGHNY-24JUN17-T87
2024-06-17,NY,NY,temperature,79,below,0,0.01,HIGHNY-24JUN17-T80
2024-06-17,AUS,AUS,temperature,97,above,0,0.01,HIGHAUS-24JUN17-T96
2024-06-17,AUS,AUS,temperature,88,below,0,0.00,HIGHAUS-24JUN17-T89
2024-06-16,AUS,AUS,temperature,99,above,0,0.01,HIGHAUS-24JUN16-T98
2024-06-16,AUS,AUS,temperature,90,below,0,0.00,HIGHAUS-24JUN16-T91
2024-06-16,MIA,MIA,temperature,92,above,0,0.01,HIGHMIA-24JUN16-T91
2024-06-16,MIA,MIA,temperature,83,below,0,0.00,HIGHMIA-24JUN16-T84
2024-06-16,NY,NY,temperature,81,above,0,0.01,HIGHNY-24JUN16-T80
2024-06-16,NY,NY,temperature,72,below,0,0.01,HIGHNY-24JUN16-T73
2024-06-16,CHI,CHI,temperature,97,above,0,0.03,HIGHCHI-24JUN16-T96
2024-06-16,CHI,CHI,temperature,88,below,0,0.34,HIGHCHI-24JUN16-T89
2024-06-15,MIA,MIA,temperature,90,above,0,0.01,HIGHMIA-24JUN15-T89
2024-06-15,MIA,MIA,temperature,81,below,0,0.01,HIGHMIA-24JUN15-T82
2024-06-15,NY,NY,temperature,86,above,0,0.02,HIGHNY-24JUN15-T85
2024-06-15,NY,NY,temperature,77,below,0,0.01,HIGHNY-24JUN15-T78
2024-06-15,CHI,CHI,temperature,87,above,0,0.48,HIGHCHI-24JUN15-T86
2024-06-15,CHI,CHI,temperature,78,below,0,0.00,HIGHCHI-24JUN15-T79
2024-06-15,AUS,AUS,temperature,100,above,0,0.01,HIGHAUS-24JUN15-T99
2024-06-15,AUS,AUS,temperature,91,below,0,0.00,HIGHAUS-24JUN15-T92
2024-06-14,MIA,MIA,temperature,90,above,0,0.01,HIGHMIA-24JUN14-T89
2024-06-14,MIA,MIA,temperature,81,below,0,0.01,HIGHMIA-24JUN14-T82
2024-06-14,NY,NY,temperature,90,above,0,0.03,HIGHNY-24JUN14-T89
2024-06-14,NY,NY,temperature,81,below,0,0.01,HIGHNY-24JUN14-T82
2024-06-14,AUS,AUS,temperature,99,above,0,0.03,HIGHAUS-24JUN14-T98
2024-06-14,AUS,AUS,temperature,90,below,0,0.00,HIGHAUS-24JUN14-T91
2024-06-14,CHI,CHI,temperature,85,above,1,0.99,HIGHCHI-24JUN14-T84
2024-06-14,CHI,CHI,temperature,76,below,0,0.01,HIGHCHI-24JUN14-T77
2024-06-13,CHI,CHI,temperature,95,above,0,0.02,HIGHCHI-24JUN13-T94
2024-06-13,CHI,CHI,temperature,86,below,0,0.00,HIGHCHI-24JUN13-T87
2024-06-13,NY,NY,temperature,89,above,0,0.00,HIGHNY-24JUN13-T88
2024-06-13,NY,NY,temperature,80,below,0,0.01,HIGHNY-24JUN13-T81
2024-06-13,MIA,MIA,temperature,88,above,0,0.01,HIGHMIA-24JUN13-T87
2024-06-13,MIA,MIA,temperature,79,below,0,0.01,HIGHMIA-24JUN13-T80
2024-06-13,AUS,AUS,temperature,98,above,0,0.03,HIGHAUS-24JUN13-T97
2024-06-13,AUS,AUS,temperature,89,below,0,0.00,HIGHAUS-24JUN13-T90
2024-06-12,NY,NY,temperature,84,above,0,0.00,HIGHNY-24JUN12-T83
2024-06-12,NY,NY,temperature,75,below,0,0.03,HIGHNY-24JUN12-T76
2024-06-12,MIA,MIA,temperature,90,above,0,0.13,HIGHMIA-24JUN12-T89
2024-06-12,MIA,MIA,temperature,81,below,0,0.03,HIGHMIA-24JUN12-T82
2024-06-12,AUS,AUS,temperature,93,above,0,0.01,HIGHAUS-24JUN12-T92
2024-06-12,AUS,AUS,temperature,84,below,0,0.09,HIGHAUS-24JUN12-T85
2024-06-12,CHI,CHI,temperature,94,above,0,0.01,HIGHCHI-24JUN12-T93
2024-06-12,CHI,CHI,temperature,85,below,0,0.00,HIGHCHI-24JUN12-T86
2024-06-11,MIA,MIA,temperature,91,above,0,0.01,HIGHMIA-24JUN11-T90
2024-06-11,MIA,MIA,temperature,82,below,0,0.01,HIGHMIA-24JUN11-T83
2024-06-11,AUS,AUS,temperature,97,above,0,0.03,HIGHAUS-24JUN11-T96
2024-06-11,AUS,AUS,temperature,88,below,0,0.01,HIGHAUS-24JUN11-T89
2024-06-11,NY,NY,temperature,82,above,0,0.00,HIGHNY-24JUN11-T81
2024-06-11,NY,NY,temperature,73,below,1,0.97,HIGHNY-24JUN11-T74
2024-06-11,CHI,CHI,temperature,82,above,0,0.01,HIGHCHI-24JUN11-T81
2024-06-11,CHI,CHI,temperature,73,below,0,0.00,HIGHCHI-24JUN11-T74
2024-06-10,NY,NY,temperature,82,above,0,0.00,HIGHNY-24JUN10-T81
2024-06-10,NY,NY,temperature,73,below,0,0.01,HIGHNY-24JUN10-T74
2024-06-10,CHI,CHI,temperature,72,above,0,0.01,HIGHCHI-24JUN10-T71
2024-06-10,CHI,CHI,temperature,63,below,0,0.01,HIGHCHI-24JUN10-T64
2024-06-10,AUS,AUS,temperature,98,above,0,0.04,HIGHAUS-24JUN10-T97
2024-06-10,AUS,AUS,temperature,89,below,0,0.01,HIGHAUS-24JUN10-T90
2024-06-10,MIA,MIA,temperature,94,above,0,0.02,HIGHMIA-24JUN10-T93
2024-06-10,MIA,MIA,temperature,85,below,0,0.01,HIGHMIA-24JUN10-T86
2024-06-09,AUS,AUS,temperature,99,above,0,0.01,HIGHAUS-24JUN09-T98
2024-06-09,AUS,AUS,temperature,90,below,0,0.00,HIGHAUS-24JUN09-T91
2024-06-09,MIA,MIA,temperature,94,above,1,0.99,HIGHMIA-24JUN09-T93
2024-06-09,MIA,MIA,temperature,85,below,0,0.00,HIGHMIA-24JUN09-T86
2024-06-09,CHI,CHI,temperature,81,above,1,0.25,HIGHCHI-24JUN09-T80
2024-06-09,CHI,CHI,temperature,72,below,0,0.00,HIGHCHI-24JUN09-T73
2024-06-09,NY,NY,temperature,84,above,0,0.00,HIGHNY-24JUN09-T83
2024-06-09,NY,NY,temperature,75,below,1,0.99,HIGHNY-24JUN09-T76
2024-06-08,CHI,CHI,temperature,79,above,1,0.99,HIGHCHI-24JUN08-T78
2024-06-08,CHI,CHI,temperature,70,below,0,0.01,HIGHCHI-24JUN08-T71
2024-06-08,AUS,AUS,temperature,92,below,0,0.00,HIGHAUS-24JUN08-T93
2024-06-08,AUS,AUS,temperature,101,above,0,0.01,HIGHAUS-24JUN08-T100
2024-06-08,NY,NY,temperature,84,above,0,0.09,HIGHNY-24JUN08-T83
2024-06-08,NY,NY,temperature,75,below,0,0.03,HIGHNY-24JUN08-T76
2024-06-08,MIA,MIA,temperature,94,above,0,0.02,HIGHMIA-24JUN08-T93
2024-06-08,MIA,MIA,temperature,85,below,0,0.00,HIGHMIA-24JUN08-T86
2024-06-07,NY,NY,temperature,88,above,0,0.01,HIGHNY-24JUN07-T87
2024-06-07,NY,NY,temperature,79,below,0,0.04,HIGHNY-24JUN07-T80
2024-06-07,CHI,CHI,temperature,80,above,1,0.99,HIGHCHI-24JUN07-T79
2024-06-07,CHI,CHI,temperature,71,below,0,0.00,HIGHCHI-24JUN07-T72
2024-06-07,AUS,AUS,temperature,93,below,0,0.01,HIGHAUS-24JUN07-T94
2024-06-07,AUS,AUS,temperature,102,above,0,0.06,HIGHAUS-24JUN07-T101
2024-06-07,MIA,MIA,temperature,95,above,0,0.06,HIGHMIA-24JUN07-T94
2024-06-07,MIA,MIA,temperature,86,below,0,0.01,HIGHMIA-24JUN07-T87
2024-06-06,NY,NY,temperature,86,above,0,0.02,HIGHNY-24JUN06-T85
2024-06-06,NY,NY,temperature,77,below,0,0.01,HIGHNY-24JUN06-T78
2024-06-06,AUS,AUS,temperature,92,below,0,0.03,HIGHAUS-24JUN06-T93
2024-06-06,AUS,AUS,temperature,101,above,0,0.01,HIGHAUS-24JUN06-T100
2024-06-06,MIA,MIA,temperature,92,above,1,0.99,HIGHMIA-24JUN06-T91
2024-06-06,MIA,MIA,temperature,83,below,0,0.00,HIGHMIA-24JUN06-T84
2024-06-06,CHI,CHI,temperature,81,above,0,0.50,HIGHCHI-24JUN06-T80
2024-06-06,CHI,CHI,temperature,72,below,0,0.01,HIGHCHI-24JUN06-T73
2024-06-05,CHI,CHI,temperature,86,above,0,0.01,HIGHCHI-24JUN05-T85
2024-06-05,CHI,CHI,temperature,77,below,0,0.03,HIGHCHI-24JUN05-T78
2024-06-05,NY,NY,temperature,84,above,0,0.01,HIGHNY-24JUN05-T83
2024-06-05,NY,NY,temperature,75,below,0,0.01,HIGHNY-24JUN05-T76
2024-06-05,AUS,AUS,temperature,98,above,0,0.01,HIGHAUS-24JUN05-T97
2024-06-05,AUS,AUS,temperature,89,below,0,0.01,HIGHAUS-24JUN05-T90
2024-06-05,MIA,MIA,temperature,93,above,0,0.02,HIGHMIA-24JUN05-T92
2024-06-05,MIA,MIA,temperature,84,below,0,0.00,HIGHMIA-24JUN05-T85
2024-06-04,MIA,MIA,temperature,92,above,0,0.07,HIGHMIA-24JUN04-T91
2024-06-04,MIA,MIA,temperature,83,below,0,0.00,HIGHMIA-24JUN04-T84
2024-06-04,AUS,AUS,temperature,100,above,0,0.12,HIGHAUS-24JUN04-T99
2024-06-04,AUS,AUS,temperature,91,below,0,0.01,HIGHAUS-24JUN04-T92
2024-06-04,NY,NY,temperature,82,above,0,0.25,HIGHNY-24JUN04-T81
2024-06-04,NY,NY,temperature,73,below,0,0.12,HIGHNY-24JUN04-T74
2024-06-04,CHI,CHI,temperature,89,above,0,0.27,HIGHCHI-24JUN04-T88
2024-06-04,CHI,CHI,temperature,80,below,0,0.10,HIGHCHI-24JUN04-T81
2024-06-03,NY,NY,temperature,86,above,1,0.99,HIGHNY-24JUN03-T85
2024-06-03,NY,NY,temperature,77,below,0,0.01,HIGHNY-24JUN03-T78
2024-06-03,CHI,CHI,temperature,88,above,1,0.99,HIGHCHI-24JUN03-T87
2024-06-03,CHI,CHI,temperature,79,below,0,0.00,HIGHCHI-24JUN03-T80
2024-06-03,AUS,AUS,temperature,97,above,0,0.02,HIGHAUS-24JUN03-T96
2024-06-03,AUS,AUS,temperature,88,below,0,0.00,HIGHAUS-24JUN03-T89
2024-06-03,MIA,MIA,temperature,91,above,0,0.02,HIGHMIA-24JUN03-T90
2024-06-03,MIA,MIA,temperature,82,below,0,0.00,HIGHMIA-24JUN03-T83
2024-06-02,CHI,CHI,temperature,79,above,0,0.06,HIGHCHI-24JUN02-T78
2024-06-02,CHI,CHI,temperature,70,below,0,0.98,HIGHCHI-24JUN02-T71
2024-06-02,NY,NY,temperature,87,above,0,0.02,HIGHNY-24JUN02-T86
2024-06-02,NY,NY,temperature,78,below,0,0.00,HIGHNY-24JUN02-T79
2024-06-02,MIA,MIA,temperature,90,above,0,0.00,HIGHMIA-24JUN02-T89
2024-06-02,MIA,MIA,temperature,81,below,0,0.00,HIGHMIA-24JUN02-T82
2024-06-02,AUS,AUS,temperature,97,above,0,0.03,HIGHAUS-24JUN02-T96
2024-06-02,AUS,AUS,temperature,88,below,0,0.06,HIGHAUS-24JUN02-T89
2024-06-01,NY,NY,temperature,88,above,0,0.01,HIGHNY-24JUN01-T87
2024-06-01,NY,NY,temperature,79,below,0,0.00,HIGHNY-24JUN01-T80
2024-06-01,CHI,CHI,temperature,74,above,0,0.03,HIGHCHI-24JUN01-T73
2024-06-01,CHI,CHI,temperature,65,below,0,0.01,HIGHCHI-24JUN01-T66
2024-06-01,AUS,AUS,temperature,94,above,0,0.01,HIGHAUS-24JUN01-T93
2024-06-01,AUS,AUS,temperature,85,below,0,0.01,HIGHAUS-24JUN01-T86
2024-06-01,MIA,MIA,temperature,91,above,0,0.00,HIGHMIA-24JUN01-T90
2024-06-01,MIA,MIA,temperature,82,below,0,0.00,HIGHMIA-24JUN01-T83
2024-05-31,MIA,MIA,temperature,93,above,0,0.12,HIGHMIA-24MAY31-T92
2024-05-31,MIA,MIA,temperature,84,below,0,0.05,HIGHMIA-24MAY31-T85
2024-05-31,AUS,AUS,temperature,92,above,0,0.01,HIGHAUS-24MAY31-T91
2024-05-31,AUS,AUS,temperature,83,below,0,0.01,HIGHAUS-24MAY31-T84
2024-05-31,CHI,CHI,temperature,83,above,0,0.14,HIGHCHI-24MAY31-T82
2024-05-31,CHI,CHI,temperature,74,below,0,0.00,HIGHCHI-24MAY31-T75
2024-05-31,NY,NY,temperature,81,above,0,0.04,HIGHNY-24MAY31-T80
2024-05-31,NY,NY,temperature,72,below,0,0.00,HIGHNY-24MAY31-T73